HTAG,B365H,HomeTeam,HTHG,FTHG,B365D,HTR,FTR,AwayTeam,FTAG,Date,B365A
0,2.25,Empoli,0,0,3.2,D,A,Verona,1,19/08/2023,3.3
2,8.5,Frosinone,1,1,5.0,A,A,Napoli,3,19/08/2023,1.36
3,3.4,Genoa,0,1,3.25,A,A,Fiorentina,4,19/08/2023,2.2
0,1.4,Inter,1,2,5.0,H,H,Monza,0,19/08/2023,7.0
1,1.53,Roma,1,2,4.0,D,D,Salernitana,2,20/08/2023,6.5
0,3.5,Sassuolo,0,0,3.4,D,A,Atalanta,2,20/08/2023,2.1
1,3.6,Lecce,0,2,3.3,A,H,Lazio,1,20/08/2023,2.1
3,4.33,Udinese,0,0,3.6,A,A,Juventus,3,20/08/2023,1.83
0,1.67,Torino,0,0,3.75,D,D,Cagliari,0,21/08/2023,5.25
2,4.0,Bologna,0,0,3.4,A,A,Milan,2,21/08/2023,1.95
0,5.0,Frosinone,2,2,4.0,H,H,Atalanta,1,26/08/2023,1.67
0,1.91,Monza,1,2,3.5,H,H,Empoli,0,26/08/2023,4.2
1,1.65,Milan,3,4,3.8,H,H,Torino,1,26/08/2023,5.0
0,4.33,Verona,2,2,3.5,H,H,Roma,1,26/08/2023,1.83
0,1.57,Fiorentina,2,2,4.2,H,D,Lecce,2,27/08/2023,5.75
1,1.5,Juventus,0,1,4.5,A,D,Bologna,1,27/08/2023,6.0
1,1.55,Lazio,0,0,4.0,A,A,Genoa,1,27/08/2023,6.0
0,1.33,Napoli,1,2,5.5,H,H,Sassuolo,0,27/08/2023,8.5
0,2.7,Salernitana,0,1,3.2,D,D,Udinese,1,28/08/2023,2.63
2,7.5,Cagliari,0,0,4.5,A,A,Inter,2,28/08/2023,1.44
0,2.0,Sassuolo,1,3,3.6,H,H,Verona,1,01/09/2023,3.75
1,2.8,Roma,0,1,3.1,A,A,Milan,2,01/09/2023,2.63
1,1.7,Bologna,0,2,3.75,A,H,Cagliari,1,02/09/2023,5.0
0,1.8,Udinese,0,0,3.6,D,D,Frosinone,0,02/09/2023,4.5
0,1.62,Atalanta,2,3,4.0,H,H,Monza,0,02/09/2023,5.25
1,1.62,Napoli,1,1,4.0,D,A,Lazio,2,02/09/2023,5.5
0,1.65,Inter,1,4,3.8,H,H,Fiorentina,0,03/09/2023,5.25
0,2.0,Torino,0,1,3.3,D,H,Genoa,0,03/09/2023,4.0
1,5.25,Empoli,0,0,3.8,A,A,Juventus,2,03/09/2023,1.67
0,2.0,Lecce,1,2,3.3,H,H,Salernitana,0,03/09/2023,4.0
0,1.91,Juventus,2,3,3.4,H,H,Lazio,1,16/09/2023,4.33
0,2.15,Inter,2,5,3.5,H,H,Milan,1,16/09/2023,3.4
0,5.5,Genoa,1,2,3.8,H,D,Napoli,2,16/09/2023,1.67
0,2.88,Cagliari,0,0,3.3,D,D,Udinese,0,17/09/2023,2.5
2,2.8,Frosinone,1,4,3.4,A,H,Sassuolo,2,17/09/2023,2.5
1,2.1,Monza,1,1,3.4,D,D,Lecce,1,17/09/2023,3.5
1,2.38,Fiorentina,2,3,3.5,H,H,Atalanta,2,17/09/2023,2.88
0,1.44,Roma,3,7,4.5,H,H,Empoli,0,17/09/2023,7.5
2,3.6,Salernitana,0,0,3.25,A,A,Torino,3,18/09/2023,2.2
0,3.1,Verona,0,0,3.3,D,D,Bologna,0,18/09/2023,2.38
1,2.5,Salernitana,0,1,3.2,A,D,Frosinone,1,22/09/2023,2.9
0,2.45,Lecce,0,1,3.2,D,H,Genoa,0,22/09/2023,3.1
0,1.36,Milan,1,1,4.75,H,H,Verona,0,23/09/2023,9.0
1,4.0,Sassuolo,2,4,4.0,H,H,Juventus,2,23/09/2023,1.8
1,1.8,Lazio,1,1,3.8,D,D,Monza,1,23/09/2023,4.2
0,9.0,Empoli,0,0,5.25,D,A,Inter,1,24/09/2023,1.33
0,1.4,Atalanta,1,2,5.0,H,H,Cagliari,0,24/09/2023,8.0
1,3.2,Udinese,0,0,3.5,A,A,Fiorentina,2,24/09/2023,2.25
0,3.75,Bologna,0,0,3.6,D,D,Napoli,0,24/09/2023,1.91
0,3.1,Torino,0,1,2.9,D,D,Roma,1,24/09/2023,2.6
0,1.5,Juventus,0,1,4.2,D,H,Lecce,0,26/09/2023,7.0
2,5.25,Cagliari,1,1,3.8,A,A,Milan,3,27/09/2023,1.67
0,2.3,Empoli,1,1,3.3,H,H,Salernitana,0,27/09/2023,3.2
1,4.2,Verona,0,0,3.75,A,A,Atalanta,1,27/09/2023,1.83
0,1.33,Inter,1,1,5.5,H,A,Sassuolo,2,27/09/2023,8.0
0,2.15,Lazio,0,2,3.25,D,H,Torino,0,27/09/2023,3.5
0,1.36,Napoli,2,4,5.0,H,H,Udinese,1,27/09/2023,8.5
1,3.75,Frosinone,0,1,3.6,A,D,Fiorentina,1,28/09/2023,1.95
0,2.38,Monza,0,0,3.3,D,D,Bologna,0,28/09/2023,3.0
1,3.8,Genoa,2,4,3.25,H,H,Roma,1,28/09/2023,2.05
1,4.75,Lecce,0,0,3.8,A,A,Napoli,4,30/09/2023,1.75
0,1.73,Milan,0,2,3.6,D,H,Lazio,0,30/09/2023,5.0
0,8.0,Salernitana,0,0,4.75,D,A,Inter,4,30/09/2023,1.4
0,1.62,Bologna,1,3,4.0,H,H,Empoli,0,01/10/2023,5.5
2,2.38,Udinese,1,2,3.1,A,D,Genoa,2,01/10/2023,3.2
0,2.5,Atalanta,0,0,3.4,D,D,Juventus,0,01/10/2023,2.8
0,1.44,Roma,1,2,4.2,H,H,Frosinone,0,01/10/2023,8.0
0,2.25,Sassuolo,0,0,3.75,D,A,Monza,1,02/10/2023,2.88
0,1.85,Torino,0,0,3.5,D,D,Verona,0,02/10/2023,4.33
0,1.5,Fiorentina,2,3,4.2,H,H,Cagliari,0,02/10/2023,7.0
0,3.1,Empoli,0,0,3.25,D,D,Udinese,0,06/10/2023,2.38
1,2.55,Lecce,0,1,3.4,A,D,Sassuolo,1,06/10/2023,2.7
1,1.36,Inter,2,2,5.5,H,D,Bologna,2,07/10/2023,7.5
0,1.91,Juventus,0,2,3.3,D,H,Torino,0,07/10/2023,4.33
0,4.2,Genoa,0,0,3.5,D,A,Milan,1,07/10/2023,1.91
0,1.7,Monza,2,3,3.8,H,H,Salernitana,0,08/10/2023,5.0
0,2.35,Frosinone,1,2,3.3,H,H,Verona,1,08/10/2023,3.1
1,2.7,Lazio,2,3,3.3,H,H,Atalanta,2,08/10/2023,2.63
2,4.75,Cagliari,0,1,3.3,A,A,Roma,4,08/10/2023,1.83
1,1.6,Napoli,1,1,4.2,D,A,Fiorentina,3,08/10/2023,5.5
2,5.5,Verona,0,1,3.75,A,A,Napoli,3,21/10/2023,1.65
0,5.5,Torino,0,0,3.6,D,A,Inter,3,21/10/2023,1.7
2,2.7,Sassuolo,0,0,3.5,A,A,Lazio,2,21/10/2023,2.5
0,1.7,Roma,0,1,3.6,D,H,Monza,0,22/10/2023,5.25
0,1.73,Bologna,2,2,3.75,H,H,Frosinone,1,22/10/2023,5.0
0,2.2,Salernitana,0,2,3.2,D,D,Cagliari,2,22/10/2023,3.5
0,1.55,Atalanta,0,2,3.8,D,H,Genoa,0,22/10/2023,6.5
0,2.25,Milan,0,0,3.4,D,A,Juventus,1,22/10/2023,3.2
0,2.2,Udinese,0,1,3.3,D,D,Lecce,1,23/10/2023,3.4
1,1.44,Fiorentina,0,0,4.33,A,A,Empoli,2,23/10/2023,8.0
0,1.73,Genoa,1,1,3.6,H,H,Salernitana,0,27/10/2023,5.25
1,2.6,Sassuolo,1,1,3.4,D,D,Bologna,1,28/10/2023,2.63
1,2.75,Lecce,0,0,3.0,A,A,Torino,1,28/10/2023,2.8
0,1.36,Juventus,0,1,5.0,D,H,Verona,0,28/10/2023,8.0
2,2.3,Cagliari,0,4,3.3,A,H,Frosinone,3,29/10/2023,3.2
0,2.0,Monza,1,1,3.6,H,D,Udinese,1,29/10/2023,3.6
0,1.62,Inter,0,1,4.0,D,H,Roma,0,29/10/2023,5.5
2,2.2,Napoli,0,2,3.4,A,D,Milan,2,29/10/2023,3.3
2,5.25,Empoli,0,0,3.75,A,A,Atalanta,3,30/10/2023,1.67
0,2.25,Lazio,0,1,3.25,D,H,Fiorentina,0,30/10/2023,3.25
0,2.63,Bologna,0,1,3.2,D,H,Lazio,0,03/11/2023,2.75
1,7.0,Salernitana,0,0,4.75,A,A,Napoli,2,04/11/2023,1.44
1,3.3,Atalanta,0,1,3.5,A,A,Inter,2,04/11/2023,2.15
0,1.45,Milan,0,0,4.5,D,A,Udinese,1,04/11/2023,7.0
1,3.2,Verona,0,1,3.25,A,A,Monza,3,05/11/2023,2.3
0,2.7,Cagliari,0,2,3.2,D,H,Genoa,1,05/11/2023,2.7
0,1.57,Roma,0,2,3.8,D,H,Lecce,1,05/11/2023,6.5
1,2.9,Fiorentina,0,0,3.2,A,A,Juventus,1,05/11/2023,2.55
0,2.0,Frosinone,0,2,3.6,D,H,Empoli,1,06/11/2023,3.6
1,2.15,Torino,1,2,3.4,D,H,Sassuolo,1,06/11/2023,3.4
2,1.65,Sassuolo,1,2,4.2,A,D,Salernitana,2,10/11/2023,4.75
0,1.91,Genoa,1,1,3.3,H,H,Verona,0,10/11/2023,4.33
2,5.0,Lecce,0,2,3.6,A,D,Milan,2,11/11/2023,1.75
0,1.36,Juventus,0,2,5.0,D,H,Cagliari,1,11/11/2023,8.0
0,2.5,Monza,0,1,3.1,D,D,Torino,1,11/11/2023,3.0
0,1.22,Napoli,0,0,7.0,D,A,Empoli,1,12/11/2023,11.0
1,2.0,Fiorentina,1,2,3.4,D,H,Bologna,1,12/11/2023,3.8
0,3.75,Udinese,1,1,3.5,H,D,Atalanta,1,12/11/2023,2.0
0,3.0,Lazio,0,0,3.0,D,D,Roma,0,12/11/2023,2.63
0,1.18,Inter,1,2,8.0,H,H,Frosinone,0,12/11/2023,13.0
1,4.75,Salernitana,0,2,3.75,A,H,Lazio,1,25/11/2023,1.75
1,2.7,Atalanta,0,1,3.4,A,A,Napoli,2,25/11/2023,2.63
0,2.1,Milan,1,1,3.3,H,H,Fiorentina,0,25/11/2023,3.5
0,2.88,Cagliari,1,1,3.25,H,D,Monza,1,26/11/2023,2.5
2,2.75,Empoli,2,3,3.6,D,A,Sassuolo,4,26/11/2023,2.4
1,2.5,Frosinone,1,2,3.25,D,H,Genoa,1,26/11/2023,2.88
0,1.62,Roma,1,3,3.8,H,H,Udinese,1,26/11/2023,5.75
1,3.3,Juventus,1,1,3.25,D,D,Inter,1,26/11/2023,2.25
1,2.75,Verona,1,2,3.0,D,D,Lecce,2,27/11/2023,2.88
0,2.3,Bologna,0,2,3.25,D,H,Torino,0,27/11/2023,3.2
1,4.2,Monza,0,1,3.3,A,A,Juventus,2,01/12/2023,1.95
0,1.91,Genoa,1,1,3.6,H,D,Empoli,1,02/12/2023,3.8
0,1.62,Lazio,1,1,4.0,H,H,Cagliari,0,02/12/2023,5.25
0,1.44,Milan,1,3,4.5,H,H,Frosinone,1,02/12/2023,7.5
0,3.0,Lecce,0,1,3.2,D,D,Bologna,1,03/12/2023,2.45
0,1.45,Fiorentina,2,3,4.75,H,H,Salernitana,0,03/12/2023,7.0
1,1.7,Udinese,2,3,3.6,H,D,Verona,3,03/12/2023,5.25
0,3.8,Sassuolo,1,1,3.75,H,A,Roma,2,03/12/2023,1.91
1,2.8,Napoli,0,0,3.5,A,A,Inter,3,03/12/2023,2.4
0,2.9,Torino,1,3,3.2,H,H,Atalanta,0,04/12/2023,2.45
0,2.25,Juventus,0,1,3.25,D,H,Napoli,0,08/12/2023,3.25
1,4.2,Verona,0,1,3.4,A,D,Lazio,1,09/12/2023,1.95
1,2.5,Atalanta,1,3,3.2,D,H,Milan,2,09/12/2023,3.0
0,1.29,Inter,3,4,6.5,H,H,Udinese,0,09/12/2023,9.0
0,3.4,Frosinone,0,0,3.2,D,D,Torino,0,10/12/2023,2.25
0,2.15,Monza,0,1,3.1,D,H,Genoa,0,10/12/2023,3.75
2,3.75,Salernitana,0,1,3.3,A,A,Bologna,2,10/12/2023,2.05
0,2.1,Roma,1,1,3.3,H,D,Fiorentina,1,10/12/2023,3.5
0,2.55,Empoli,0,1,3.2,D,D,Lecce,1,11/12/2023,3.0
1,2.3,Cagliari,0,2,3.5,A,H,Sassuolo,1,11/12/2023,3.0
1,4.75,Genoa,0,1,3.2,A,D,Juventus,1,15/12/2023,1.91
1,2.15,Lecce,1,2,3.3,D,H,Frosinone,1,16/12/2023,3.5
0,1.33,Napoli,0,2,5.0,D,H,Cagliari,1,16/12/2023,9.5
0,1.6,Torino,1,1,3.8,H,H,Empoli,0,16/12/2023,6.0
0,1.62,Milan,2,3,4.33,H,H,Monza,0,17/12/2023,5.0
0,1.4,Fiorentina,0,1,5.0,D,H,Verona,0,17/12/2023,7.0
0,2.25,Udinese,1,2,3.5,H,D,Sassuolo,2,17/12/2023,3.1
0,2.38,Bologna,1,2,3.0,H,H,Roma,0,17/12/2023,3.25
1,4.75,Lazio,0,0,3.8,A,A,Inter,2,17/12/2023,1.73
1,1.3,Atalanta,0,4,5.5,A,H,Salernitana,1,18/12/2023,10.0
1,4.2,Empoli,0,0,3.4,A,A,Lazio,2,22/12/2023,1.91
0,2.25,Sassuolo,1,1,3.3,H,A,Genoa,2,22/12/2023,3.25
1,2.88,Monza,0,0,3.2,A,A,Fiorentina,1,22/12/2023,2.55
1,8.0,Salernitana,1,2,4.5,D,D,Milan,2,22/12/2023,1.44
1,6.0,Frosinone,0,1,3.75,A,A,Juventus,2,23/12/2023,1.62
0,2.7,Bologna,0,1,3.2,D,H,Atalanta,0,23/12/2023,2.75
0,1.75,Torino,0,1,3.5,D,D,Udinese,1,23/12/2023,5.0
0,1.22,Inter,1,2,7.0,H,H,Lecce,0,23/12/2023,11.0
0,2.38,Verona,0,2,3.25,D,H,Cagliari,0,23/12/2023,3.1
0,3.0,Roma,0,2,3.1,D,H,Napoli,0,23/12/2023,2.5
0,2.1,Fiorentina,0,1,3.2,D,H,Torino,0,29/12/2023,3.6
0,1.62,Napoli,0,0,4.0,D,D,Monza,0,29/12/2023,5.5
1,5.5,Genoa,1,1,3.8,D,D,Inter,1,29/12/2023,1.65
0,1.67,Lazio,0,3,3.8,D,H,Frosinone,1,29/12/2023,5.25
0,1.4,Atalanta,0,1,4.6,D,H,Lecce,0,30/12/2023,8.0
0,2.05,Cagliari,0,0,3.4,D,D,Empoli,0,30/12/2023,3.6
0,3.5,Udinese,1,3,3.1,H,H,Bologna,0,30/12/2023,2.25
0,1.45,Milan,0,1,4.75,D,H,Sassuolo,0,30/12/2023,6.5
0,1.91,Verona,0,0,3.4,D,A,Salernitana,1,30/12/2023,4.2
0,2.05,Juventus,0,1,3.0,D,H,Roma,0,30/12/2023,4.2
1,2.05,Bologna,0,1,3.0,A,D,Genoa,1,05/01/2024,4.33
0,1.17,Inter,1,2,8.0,H,H,Verona,1,06/01/2024,13.0
2,2.63,Frosinone,0,2,3.3,A,A,Monza,3,06/01/2024,2.7
0,2.2,Lecce,1,1,3.25,H,D,Cagliari,1,06/01/2024,3.4
0,3.25,Sassuolo,1,1,3.5,H,H,Fiorentina,0,06/01/2024,2.15
2,5.25,Empoli,0,0,3.8,A,A,Milan,3,07/01/2024,1.67
0,2.9,Torino,1,3,3.2,H,H,Napoli,0,07/01/2024,2.5
1,3.5,Udinese,0,1,3.2,A,A,Lazio,2,07/01/2024,2.2
0,7.5,Salernitana,1,1,4.5,H,A,Juventus,2,07/01/2024,1.4
1,2.4,Roma,1,1,3.2,D,D,Atalanta,1,07/01/2024,3.1
0,2.9,Genoa,0,0,3.0,D,D,Torino,0,13/01/2024,2.63
1,1.33,Napoli,1,2,5.0,D,H,Salernitana,1,13/01/2024,8.5
0,2.15,Verona,1,2,3.25,H,H,Empoli,1,13/01/2024,3.5
2,7.0,Monza,0,1,4.0,A,A,Inter,5,13/01/2024,1.5
0,1.65,Lazio,0,1,3.6,D,H,Lecce,0,14/01/2024,5.75
1,3.0,Cagliari,1,2,3.1,D,H,Bologna,1,14/01/2024,2.5
1,1.67,Fiorentina,0,2,3.75,A,D,Udinese,2,14/01/2024,5.5
0,2.2,Milan,1,3,3.2,H,H,Roma,1,14/01/2024,3.5
0,1.44,Atalanta,3,5,4.5,H,H,Frosinone,0,15/01/2024,7.5
0,1.4,Juventus,2,3,4.2,H,H,Sassuolo,0,16/01/2024,8.5
0,1.44,Roma,2,2,4.2,H,H,Verona,1,20/01/2024,8.5
1,4.0,Udinese,1,2,3.8,D,A,Milan,3,20/01/2024,1.85
1,2.4,Frosinone,0,3,3.4,A,H,Cagliari,1,21/01/2024,2.9
0,2.8,Empoli,2,3,3.3,H,H,Monza,0,21/01/2024,2.55
1,3.6,Salernitana,1,1,3.2,D,A,Genoa,2,21/01/2024,2.15
0,6.0,Lecce,0,0,3.5,D,A,Juventus,3,21/01/2024,1.65
2,3.5,Cagliari,0,1,3.2,A,A,Torino,2,26/01/2024,2.2
0,1.5,Atalanta,2,2,4.5,H,H,Udinese,0,27/01/2024,6.0
0,1.29,Juventus,0,1,5.5,D,D,Empoli,1,27/01/2024,10.0
1,1.67,Milan,1,2,3.75,D,D,Bologna,2,27/01/2024,5.25
1,2.1,Genoa,0,2,3.1,A,H,Lecce,1,28/01/2024,4.0
0,2.25,Monza,1,1,3.4,H,H,Sassuolo,0,28/01/2024,3.2
0,2.45,Verona,1,1,3.3,H,D,Frosinone,1,28/01/2024,2.9
0,2.25,Lazio,0,0,3.3,D,D,Napoli,0,28/01/2024,3.3
1,4.2,Fiorentina,0,0,3.6,A,A,Inter,1,28/01/2024,1.85
0,5.25,Salernitana,0,1,3.8,D,A,Roma,2,29/01/2024,1.67
0,3.75,Lecce,1,3,3.2,H,H,Fiorentina,2,02/02/2024,2.1
0,3.0,Empoli,0,0,3.0,D,D,Genoa,0,03/02/2024,2.6
0,2.25,Udinese,0,0,3.3,D,D,Monza,0,03/02/2024,3.3
1,5.0,Frosinone,1,2,4.2,D,A,Milan,3,03/02/2024,1.62
2,1.7,Bologna,1,4,3.75,A,H,Sassuolo,2,03/02/2024,5.0
0,1.5,Torino,0,0,4.0,D,D,Salernitana,0,04/02/2024,7.5
0,1.4,Napoli,0,2,4.5,D,H,Verona,1,04/02/2024,8.5
0,2.05,Atalanta,2,3,3.4,H,H,Lazio,1,04/02/2024,3.75
0,1.8,Inter,1,1,3.5,H,H,Juventus,0,04/02/2024,4.75
0,1.44,Roma,2,4,4.33,H,H,Cagliari,0,05/02/2024,7.5
1,2.38,Salernitana,0,1,3.2,A,A,Empoli,3,09/02/2024,3.2
1,3.5,Cagliari,0,1,3.3,A,A,Lazio,3,10/02/2024,2.15
1,4.2,Roma,2,2,3.5,H,A,Inter,4,10/02/2024,1.91
1,3.4,Sassuolo,1,1,3.3,D,D,Torino,1,10/02/2024,2.2
0,1.5,Fiorentina,3,5,4.33,H,H,Frosinone,1,11/02/2024,6.5
0,1.73,Bologna,2,4,3.6,H,H,Lecce,0,11/02/2024,5.25
0,2.05,Monza,0,0,3.4,D,D,Verona,0,11/02/2024,3.75
1,3.75,Genoa,0,1,3.3,A,A,Atalanta,4,11/02/2024,2.05
0,1.95,Milan,1,1,3.6,H,H,Napoli,0,11/02/2024,3.8
1,1.44,Juventus,0,0,4.5,A,A,Udinese,1,12/02/2024,8.0
0,2.3,Bologna,1,2,3.2,H,H,Fiorentina,0,14/02/2024,3.2
0,1.8,Torino,0,2,3.4,D,H,Lecce,0,16/02/2024,4.75
0,1.14,Inter,3,4,8.5,H,H,Salernitana,0,16/02/2024,15.0
0,1.6,Napoli,0,1,3.75,D,D,Genoa,1,17/02/2024,6.0
1,5.75,Verona,1,2,3.5,D,D,Juventus,2,17/02/2024,1.67
0,1.36,Atalanta,1,3,5.5,H,H,Sassuolo,0,17/02/2024,8.0
1,2.3,Lazio,1,1,3.1,D,A,Bologna,2,18/02/2024,3.4
1,3.75,Empoli,0,1,3.3,A,D,Fiorentina,1,18/02/2024,2.05
1,1.91,Udinese,1,1,3.6,D,D,Cagliari,1,18/02/2024,4.0
1,3.8,Frosinone,0,0,3.75,A,A,Roma,3,18/02/2024,1.91
0,4.75,Monza,2,4,3.5,H,H,Milan,2,18/02/2024,1.8
0,2.4,Torino,0,0,2.9,D,A,Lazio,2,22/02/2024,3.25
0,1.55,Bologna,1,2,3.8,H,H,Verona,0,23/02/2024,7.0
1,2.2,Sassuolo,0,2,3.4,A,A,Empoli,3,24/02/2024,3.3
0,3.0,Salernitana,0,0,3.1,D,A,Monza,2,24/02/2024,2.5
0,2.25,Genoa,2,2,3.0,H,H,Udinese,0,24/02/2024,3.6
2,1.3,Juventus,2,3,5.5,D,H,Frosinone,2,25/02/2024,10.0
0,4.2,Cagliari,0,1,3.75,D,D,Napoli,1,25/02/2024,1.83
1,7.0,Lecce,0,0,4.5,A,A,Inter,4,25/02/2024,1.44
1,2.38,Milan,1,1,3.4,D,D,Atalanta,1,25/02/2024,3.0
1,1.91,Roma,1,3,3.25,D,H,Torino,2,26/02/2024,4.5
1,2.25,Fiorentina,0,2,3.1,A,H,Lazio,1,26/02/2024,3.5
3,4.0,Sassuolo,1,1,3.8,A,A,Napoli,6,28/02/2024,1.8
0,1.62,Inter,2,4,4.0,H,H,Atalanta,0,28/02/2024,5.5
0,3.5,Lazio,0,0,3.2,D,A,Milan,1,01/03/2024,2.2
1,1.65,Udinese,1,1,3.8,D,D,Salernitana,1,02/03/2024,5.75
2,3.75,Monza,0,1,3.4,A,A,Roma,4,02/03/2024,2.05
0,2.63,Torino,0,0,3.0,D,D,Fiorentina,0,02/03/2024,2.9
0,2.2,Verona,0,1,3.4,D,H,Sassuolo,0,03/03/2024,3.25
0,2.15,Empoli,0,0,3.25,D,A,Cagliari,1,03/03/2024,3.6
0,2.25,Frosinone,1,1,3.3,H,D,Lecce,1,03/03/2024,3.3
0,1.91,Atalanta,1,1,3.4,H,A,Bologna,2,03/03/2024,4.2
0,2.38,Napoli,1,2,3.1,H,H,Juventus,1,03/03/2024,3.3
0,1.3,Inter,2,2,5.75,H,H,Genoa,1,04/03/2024,9.5
0,1.75,Napoli,0,1,3.6,D,D,Torino,1,08/03/2024,5.0
0,1.83,Cagliari,2,4,3.6,H,H,Salernitana,2,09/03/2024,4.33
0,2.2,Sassuolo,0,1,3.6,D,H,Frosinone,0,09/03/2024,3.1
1,3.5,Bologna,0,0,3.3,A,A,Inter,1,09/03/2024,2.15
2,2.15,Genoa,0,2,3.2,A,A,Monza,3,09/03/2024,3.5
1,2.2,Lecce,0,0,3.25,A,A,Verona,1,10/03/2024,3.4
0,1.44,Milan,1,1,5.0,H,H,Empoli,0,10/03/2024,6.5
1,2.2,Juventus,0,2,3.3,A,D,Atalanta,2,10/03/2024,3.3
0,2.55,Fiorentina,1,2,3.3,H,D,Roma,2,10/03/2024,2.75
0,1.91,Lazio,0,1,3.5,D,A,Udinese,2,11/03/2024,4.0
0,4.0,Empoli,0,0,3.2,D,A,Bologna,1,15/03/2024,2.0
0,2.05,Monza,1,1,3.5,H,H,Cagliari,0,16/03/2024,3.6
1,2.8,Udinese,0,0,2.9,A,A,Torino,2,16/03/2024,2.8
1,2.9,Salernitana,0,0,3.2,A,A,Lecce,1,16/03/2024,2.5
1,3.5,Frosinone,1,2,3.4,D,A,Lazio,3,16/03/2024,2.15
0,1.5,Juventus,0,0,4.0,D,D,Genoa,0,17/03/2024,7.0
1,5.25,Verona,0,1,3.75,A,A,Milan,3,17/03/2024,1.7
0,1.36,Roma,0,1,4.75,D,H,Sassuolo,0,17/03/2024,8.0
0,1.57,Inter,1,1,4.0,H,D,Napoli,1,17/03/2024,6.0
2,2.1,Napoli,0,0,3.6,A,A,Atalanta,3,30/03/2024,3.4
1,1.95,Genoa,1,1,3.6,D,D,Frosinone,1,30/03/2024,3.8
0,1.83,Torino,0,1,3.4,D,H,Monza,0,30/03/2024,4.75
0,3.1,Lazio,0,1,3.1,D,H,Juventus,0,30/03/2024,2.45
0,2.88,Fiorentina,0,1,3.3,D,A,Milan,2,30/03/2024,2.5
0,1.3,Bologna,2,3,5.5,H,H,Salernitana,0,01/04/2024,10.0
1,2.15,Cagliari,0,1,3.2,A,D,Verona,1,01/04/2024,3.6
1,2.75,Sassuolo,1,1,3.25,D,D,Udinese,1,01/04/2024,2.6
0,4.5,Lecce,0,0,3.5,D,D,Roma,0,01/04/2024,1.83
0,1.22,Inter,1,2,7.0,H,H,Empoli,0,01/04/2024,12.0
2,3.25,Salernitana,0,2,3.5,A,D,Sassuolo,2,05/04/2024,2.2
0,1.36,Milan,2,3,4.75,H,H,Lecce,0,06/04/2024,8.5
0,2.2,Roma,1,1,3.1,H,H,Lazio,0,06/04/2024,3.6
0,3.5,Empoli,1,3,3.2,H,H,Torino,2,06/04/2024,2.25
0,4.2,Frosinone,0,0,3.5,D,D,Bologna,0,07/04/2024,1.91
0,4.0,Monza,1,2,3.8,H,A,Napoli,4,07/04/2024,1.85
1,4.75,Cagliari,1,2,3.8,D,H,Atalanta,1,07/04/2024,1.73
1,2.75,Verona,1,1,3.0,D,A,Genoa,2,07/04/2024,2.8
0,1.83,Juventus,1,1,3.4,H,H,Fiorentina,0,07/04/2024,4.75
0,6.5,Udinese,1,1,4.5,H,A,Inter,2,08/04/2024,1.5
1,1.33,Lazio,3,4,5.0,H,H,Salernitana,1,12/04/2024,9.5
0,2.25,Lecce,0,1,3.1,D,H,Empoli,0,13/04/2024,3.6
0,3.75,Torino,0,0,3.0,D,D,Juventus,0,13/04/2024,2.2
0,1.55,Bologna,0,0,4.0,D,D,Monza,0,13/04/2024,6.5
0,1.33,Napoli,1,2,5.5,H,D,Frosinone,2,14/04/2024,8.0
1,4.5,Sassuolo,2,3,3.8,H,D,Milan,3,14/04/2024,1.75
0,1.18,Inter,1,2,8.0,H,D,Cagliari,2,14/04/2024,12.0
1,1.85,Fiorentina,0,1,3.5,A,D,Genoa,1,15/04/2024,4.33
0,1.45,Atalanta,2,2,4.5,H,D,Verona,2,15/04/2024,7.0
0,3.1,Genoa,0,0,3.1,D,A,Lazio,1,19/04/2024,2.45
0,5.0,Cagliari,2,2,3.5,H,D,Juventus,2,19/04/2024,1.75
0,4.75,Empoli,1,1,4.0,H,H,Napoli,0,20/04/2024,1.7
0,2.55,Verona,0,1,3.1,D,H,Udinese,0,20/04/2024,3.0
2,2.3,Sassuolo,0,0,3.3,A,A,Lecce,3,21/04/2024,3.2
0,1.67,Torino,0,0,3.8,D,D,Frosinone,0,21/04/2024,5.25
0,5.0,Salernitana,0,0,4.0,D,A,Fiorentina,2,21/04/2024,1.67
1,4.0,Monza,0,1,3.8,A,A,Atalanta,2,21/04/2024,1.85
2,2.4,Roma,0,1,3.1,A,A,Bologna,3,22/04/2024,3.2
1,3.75,Milan,0,1,3.6,A,A,Inter,2,22/04/2024,2.0
0,3.3,Udinese,1,1,3.4,H,A,Roma,2,25/04/2024,2.15
0,1.4,Frosinone,2,3,4.75,H,H,Salernitana,0,26/04/2024,7.5
0,2.0,Lecce,0,1,3.25,D,D,Monza,1,27/04/2024,4.0
0,2.1,Juventus,0,0,3.3,D,D,Milan,0,27/04/2024,3.6
0,1.62,Lazio,0,1,3.8,D,H,Verona,0,27/04/2024,6.0
0,1.53,Inter,0,2,3.8,D,H,Torino,0,28/04/2024,7.0
1,1.6,Bologna,0,1,3.8,A,D,Udinese,1,28/04/2024,6.0
0,1.44,Atalanta,1,2,4.5,H,H,Empoli,0,28/04/2024,7.5
0,1.95,Napoli,0,2,3.6,D,D,Roma,2,28/04/2024,4.0
0,1.7,Fiorentina,1,5,3.8,H,H,Sassuolo,1,28/04/2024,5.0
0,2.25,Genoa,2,3,3.1,H,H,Cagliari,0,29/04/2024,3.5
0,2.88,Torino,0,0,2.8,D,D,Bologna,0,03/05/2024,2.88
1,4.33,Monza,0,2,3.75,A,D,Lazio,2,04/05/2024,1.83
0,6.0,Sassuolo,1,1,4.5,H,H,Inter,0,04/05/2024,1.5
0,2.15,Cagliari,1,1,3.2,H,D,Lecce,1,05/05/2024,3.75
0,2.38,Empoli,0,0,3.3,D,D,Frosinone,0,05/05/2024,3.1
1,3.1,Verona,1,2,3.3,D,H,Fiorentina,1,05/05/2024,2.3
1,1.45,Milan,1,3,4.5,D,D,Genoa,3,05/05/2024,6.5
1,2.88,Roma,1,1,3.1,D,D,Juventus,1,05/05/2024,2.7
0,7.5,Salernitana,1,1,5.5,H,A,Atalanta,2,06/05/2024,1.36
0,3.75,Udinese,0,1,3.6,D,D,Napoli,1,06/05/2024,1.95
1,4.5,Frosinone,0,0,4.0,A,A,Inter,5,10/05/2024,1.73
2,2.1,Napoli,0,0,3.4,A,A,Bologna,2,11/05/2024,3.5
0,1.4,Milan,1,5,5.25,H,H,Cagliari,1,11/05/2024,6.5
0,1.57,Lazio,1,2,4.0,H,H,Empoli,0,12/05/2024,5.75
1,2.2,Genoa,0,2,3.5,A,H,Sassuolo,1,12/05/2024,3.2
0,3.0,Verona,0,1,3.0,D,A,Torino,2,12/05/2024,2.55
1,1.14,Juventus,0,1,8.5,A,D,Salernitana,1,12/05/2024,17.0
0,2.0,Atalanta,2,2,3.6,H,H,Roma,1,12/05/2024,3.6
1,2.63,Lecce,0,0,3.1,A,A,Udinese,2,13/05/2024,2.8
1,1.55,Fiorentina,1,2,4.2,D,H,Monza,1,13/05/2024,5.75
1,2.25,Fiorentina,2,2,3.4,H,D,Napoli,2,17/05/2024,3.1
0,4.5,Lecce,0,0,3.8,D,A,Atalanta,2,18/05/2024,1.75
0,2.8,Torino,2,3,3.2,H,H,Milan,1,18/05/2024,2.6
0,2.35,Sassuolo,0,0,3.3,D,A,Cagliari,2,19/05/2024,3.1
1,3.0,Monza,0,0,3.4,A,A,Frosinone,1,19/05/2024,2.3
0,2.0,Udinese,0,1,3.4,D,D,Empoli,1,19/05/2024,3.8
1,1.62,Inter,0,1,4.0,A,D,Lazio,1,19/05/2024,5.0
0,1.48,Roma,0,1,4.2,D,H,Genoa,0,19/05/2024,7.0
2,5.0,Salernitana,0,1,3.8,A,A,Verona,2,20/05/2024,1.7
0,2.45,Bologna,2,3,3.1,H,D,Juventus,3,20/05/2024,3.1
1,4.2,Cagliari,0,2,3.75,A,A,Fiorentina,3,23/05/2024,1.8
0,3.4,Genoa,1,2,3.4,H,H,Bologna,0,24/05/2024,2.15
0,1.33,Juventus,2,2,5.5,H,H,Monza,0,25/05/2024,8.5
0,1.18,Milan,2,3,8.0,H,D,Salernitana,3,25/05/2024,12.0
0,3.3,Atalanta,2,3,3.5,H,H,Torino,0,26/05/2024,2.1
0,1.42,Napoli,0,0,5.0,D,D,Lecce,0,26/05/2024,6.25
1,1.95,Empoli,1,2,3.6,D,H,Roma,1,26/05/2024,3.6
0,2.38,Frosinone,0,0,3.25,D,A,Udinese,1,26/05/2024,3.0
0,1.36,Lazio,0,1,5.25,D,D,Sassuolo,1,26/05/2024,7.5
2,5.5,Verona,2,2,4.0,D,D,Inter,2,26/05/2024,1.53
3,1.48,Atalanta,2,2,4.75,A,A,Fiorentina,3,02/06/2024,6.0
1,6.5,Genoa,1,2,4.0,D,D,Inter,2,17/08/2024,1.53
0,3.5,Parma,1,1,3.2,H,D,Fiorentina,1,17/08/2024,2.2
0,2.5,Empoli,0,0,3.2,D,D,Monza,0,17/08/2024,3.0
1,1.62,Milan,0,2,3.8,A,D,Torino,2,17/08/2024,5.75
0,1.91,Bologna,0,1,3.4,D,D,Udinese,1,18/08/2024,4.33
0,4.75,Verona,0,3,3.6,D,H,Napoli,0,18/08/2024,1.75
0,4.1,Cagliari,0,0,3.4,D,D,Roma,0,18/08/2024,1.95
1,1.48,Lazio,2,3,4.1,H,H,Venezia,1,18/08/2024,7.5
2,4.2,Lecce,0,0,3.7,A,A,Atalanta,4,19/08/2024,1.85
0,1.33,Juventus,2,3,5.0,H,H,Como,0,19/08/2024,9.5
0,4.75,Parma,1,2,3.9,H,H,Milan,1,24/08/2024,1.7
0,3.3,Udinese,1,2,3.1,H,H,Lazio,1,24/08/2024,2.35
0,1.2,Inter,1,2,7.0,H,H,Lecce,0,24/08/2024,13.0
1,2.6,Monza,0,0,3.1,A,A,Genoa,1,24/08/2024,2.88
0,1.42,Fiorentina,0,0,4.75,D,D,Venezia,0,25/08/2024,7.0
1,3.2,Torino,1,2,3.1,D,H,Atalanta,1,25/08/2024,2.38
0,1.9,Napoli,1,3,3.5,H,H,Bologna,0,25/08/2024,4.1
1,1.5,Roma,0,1,4.33,A,A,Empoli,2,25/08/2024,6.5
0,2.1,Cagliari,1,1,3.4,H,D,Como,1,26/08/2024,3.4
2,5.25,Verona,0,0,3.75,A,A,Juventus,3,26/08/2024,1.67
0,3.4,Venezia,0,0,3.3,D,A,Torino,1,30/08/2024,2.2
0,1.57,Inter,2,4,4.33,H,H,Atalanta,0,30/08/2024,5.5
1,1.62,Bologna,1,1,3.75,D,D,Empoli,1,31/08/2024,6.0
0,2.25,Lecce,1,1,3.2,H,H,Cagliari,0,31/08/2024,3.4
1,2.9,Lazio,0,2,3.4,A,D,Milan,2,31/08/2024,2.4
1,1.48,Napoli,0,2,4.33,A,H,Parma,1,31/08/2024,7.0
2,1.67,Fiorentina,1,2,3.9,A,D,Monza,2,01/09/2024,5.0
0,2.0,Genoa,0,0,3.3,D,A,Verona,2,01/09/2024,4.0
0,1.75,Juventus,0,0,3.6,D,D,Roma,0,01/09/2024,5.0
0,2.05,Udinese,1,1,3.4,H,H,Como,0,01/09/2024,3.75
0,3.0,Como,1,2,3.25,H,D,Bologna,2,14/09/2024,2.45
0,5.25,Empoli,0,0,3.6,D,D,Juventus,0,14/09/2024,1.7
0,1.3,Milan,4,4,5.75,H,H,Venezia,0,14/09/2024,9.0
1,3.25,Genoa,0,1,3.3,A,D,Roma,1,15/09/2024,2.25
2,1.8,Atalanta,3,3,3.6,H,H,Fiorentina,2,15/09/2024,4.5
0,1.8,Torino,0,0,3.5,D,D,Lecce,0,15/09/2024,4.75
1,4.33,Cagliari,0,0,3.75,A,A,Napoli,4,15/09/2024,1.8
0,8.0,Monza,0,1,4.75,D,D,Inter,1,15/09/2024,1.4
0,2.25,Parma,2,2,3.4,H,A,Udinese,3,16/09/2024,3.2
1,1.62,Lazio,2,2,3.8,H,H,Verona,1,16/09/2024,6.0
1,2.15,Cagliari,0,0,3.4,A,A,Empoli,2,20/09/2024,3.4
2,2.7,Verona,1,2,3.0,A,A,Torino,3,20/09/2024,2.8
0,3.25,Venezia,0,2,3.2,D,H,Genoa,0,21/09/2024,2.35
0,2.2,Juventus,0,0,3.4,D,D,Napoli,0,21/09/2024,3.3
0,2.2,Lecce,1,2,3.5,H,D,Parma,2,21/09/2024,3.25
1,2.25,Fiorentina,0,2,3.4,A,H,Lazio,1,22/09/2024,3.2
1,3.3,Monza,1,1,3.1,D,A,Bologna,2,22/09/2024,2.4
0,1.62,Roma,1,3,4.2,H,H,Udinese,0,22/09/2024,5.25
1,1.65,Inter,1,1,4.0,D,A,Milan,2,22/09/2024,5.25
0,1.44,Atalanta,1,2,4.5,H,A,Como,3,24/09/2024,7.0
0,1.33,Milan,3,3,5.75,H,H,Lecce,0,27/09/2024,8.0
2,7.0,Udinese,1,2,4.33,A,A,Inter,3,28/09/2024,1.48
0,5.5,Genoa,0,0,3.5,D,A,Juventus,3,28/09/2024,1.7
0,3.0,Bologna,0,1,3.3,D,D,Atalanta,1,28/09/2024,2.4
1,2.9,Torino,0,2,3.1,A,A,Lazio,3,29/09/2024,2.55
0,2.1,Como,1,3,3.4,H,H,Verona,2,29/09/2024,3.6
1,1.4,Roma,0,2,4.75,A,H,Venezia,1,29/09/2024,8.0
0,3.4,Empoli,0,0,3.3,D,D,Fiorentina,0,29/09/2024,2.2
0,1.36,Napoli,2,2,5.0,H,H,Monza,0,29/09/2024,8.5
1,2.1,Parma,0,2,3.6,A,A,Cagliari,3,30/09/2024,3.4
1,1.45,Napoli,1,3,4.33,D,H,Como,1,04/10/2024,7.0
1,2.5,Verona,1,2,3.2,D,H,Venezia,1,04/10/2024,2.9
0,2.2,Udinese,0,1,3.3,D,H,Lecce,0,05/10/2024,3.3
0,1.45,Atalanta,1,5,4.75,H,H,Genoa,1,05/10/2024,6.5
1,1.3,Inter,2,3,5.0,H,H,Torino,2,05/10/2024,11.0
0,1.38,Juventus,1,1,5.0,H,D,Cagliari,1,06/10/2024,8.0
0,1.8,Bologna,0,0,3.7,D,D,Parma,0,06/10/2024,4.33
1,1.57,Lazio,1,2,4.0,D,H,Empoli,1,06/10/2024,6.0
0,4.2,Monza,0,1,3.4,D,D,Roma,1,06/10/2024,1.91
0,3.1,Fiorentina,1,2,3.6,H,H,Milan,1,06/10/2024,2.2
1,1.95,Como,1,1,3.6,D,D,Parma,1,19/10/2024,3.8
1,3.75,Genoa,0,2,3.1,A,D,Bologna,2,19/10/2024,2.15
0,1.38,Milan,1,1,4.75,H,H,Udinese,0,19/10/2024,8.5
0,2.05,Juventus,0,1,3.3,D,H,Lazio,0,19/10/2024,3.8
0,6.0,Empoli,0,0,3.5,D,A,Napoli,1,20/10/2024,1.67
3,3.2,Lecce,0,0,3.3,A,A,Fiorentina,6,20/10/2024,2.3
1,5.5,Venezia,0,0,4.0,A,A,Atalanta,2,20/10/2024,1.62
1,2.8,Cagliari,1,3,3.1,D,H,Torino,2,20/10/2024,2.7
0,4.2,Roma,0,0,3.7,D,A,Inter,1,20/10/2024,1.85
1,2.3,Verona,0,0,3.0,A,A,Monza,3,21/10/2024,3.5
0,2.2,Udinese,1,2,3.3,H,H,Cagliari,0,25/10/2024,3.3
0,2.63,Torino,0,1,3.0,D,H,Como,0,25/10/2024,2.9
0,1.25,Napoli,0,1,6.0,D,H,Lecce,0,26/10/2024,12.0
1,1.38,Atalanta,5,6,4.75,H,H,Verona,1,26/10/2024,8.0
1,2.15,Parma,0,1,3.3,A,D,Empoli,1,27/10/2024,3.5
0,1.53,Lazio,1,3,4.2,H,H,Genoa,0,27/10/2024,6.25
2,2.15,Monza,2,2,3.25,D,D,Venezia,2,27/10/2024,3.6
2,1.72,Inter,3,4,3.5,H,D,Juventus,4,27/10/2024,5.0
1,2.55,Fiorentina,3,5,3.4,H,H,Roma,1,27/10/2024,2.75
1,3.0,Cagliari,0,0,3.25,A,A,Bologna,2,29/10/2024,2.35
0,2.25,Lecce,0,1,3.25,D,H,Verona,0,29/10/2024,3.25
2,2.45,Milan,0,0,3.4,A,A,Napoli,2,29/10/2024,2.8
0,7.5,Empoli,0,0,4.33,D,A,Inter,3,30/10/2024,1.44
2,2.7,Venezia,1,3,3.25,A,H,Udinese,2,30/10/2024,2.65
0,1.3,Atalanta,0,2,5.0,D,H,Monza,0,30/10/2024,10.0
2,1.4,Juventus,1,2,4.75,A,D,Parma,2,30/10/2024,8.0
0,4.2,Genoa,0,0,3.9,D,A,Fiorentina,1,31/10/2024,1.8
2,2.88,Como,0,1,3.3,A,A,Lazio,5,31/10/2024,2.45
0,1.7,Roma,1,1,3.8,H,H,Torino,0,31/10/2024,5.0
0,1.62,Bologna,0,1,3.5,D,H,Lecce,0,02/11/2024,6.5
2,4.2,Udinese,0,0,3.2,A,A,Juventus,2,02/11/2024,1.95
1,5.0,Monza,0,0,3.6,A,A,Milan,1,02/11/2024,1.7
2,2.05,Napoli,0,0,3.4,A,A,Atalanta,3,03/11/2024,3.7
1,3.2,Torino,0,0,3.3,A,A,Fiorentina,1,03/11/2024,2.25
1,5.0,Verona,2,3,3.5,H,H,Roma,2,03/11/2024,1.8
0,1.17,Inter,0,1,7.0,D,H,Venezia,0,03/11/2024,15.0
0,2.7,Empoli,0,1,3.1,D,H,Como,0,04/11/2024,2.63
0,1.85,Parma,0,0,3.4,D,A,Genoa,1,04/11/2024,4.33
1,1.5,Lazio,1,2,3.75,D,H,Cagliari,1,04/11/2024,7.5
1,2.88,Genoa,0,1,3.3,A,D,Como,1,07/11/2024,2.45
1,2.4,Lecce,0,1,3.0,A,D,Empoli,1,08/11/2024,3.3
1,2.55,Venezia,1,1,3.4,D,A,Parma,2,09/11/2024,2.7
2,5.5,Cagliari,1,3,4.1,A,D,Milan,3,09/11/2024,1.6
0,1.57,Juventus,1,2,3.8,H,H,Torino,0,09/11/2024,6.5
1,1.38,Atalanta,0,2,5.0,A,H,Udinese,1,10/11/2024,7.5
1,1.44,Fiorentina,1,3,4.5,D,H,Verona,1,10/11/2024,7.0
1,2.05,Roma,0,2,3.4,A,A,Bologna,3,10/11/2024,3.6
1,4.1,Monza,0,0,3.8,A,A,Lazio,1,10/11/2024,1.83
1,1.85,Inter,1,1,3.7,D,D,Napoli,1,10/11/2024,4.1
5,7.0,Verona,0,0,5.25,A,A,Inter,5,23/11/2024,1.38
0,2.15,Milan,0,0,3.3,D,D,Juventus,0,23/11/2024,3.5
2,5.0,Parma,0,1,4.2,A,A,Atalanta,3,23/11/2024,1.62
1,2.63,Genoa,1,2,3.1,D,D,Cagliari,2,24/11/2024,2.9
1,3.3,Como,0,0,3.1,A,A,Fiorentina,2,24/11/2024,2.3
0,2.0,Torino,0,1,3.0,D,D,Monza,1,24/11/2024,4.33
0,1.73,Napoli,0,1,3.6,D,H,Roma,0,24/11/2024,5.0
0,1.9,Lazio,0,3,3.5,D,H,Bologna,0,24/11/2024,4.2
0,2.8,Empoli,1,1,2.9,H,D,Udinese,1,25/11/2024,2.8
0,2.3,Venezia,0,0,3.25,D,A,Lecce,1,25/11/2024,3.2
0,1.91,Cagliari,0,1,3.4,D,H,Verona,0,29/11/2024,4.1
0,2.0,Como,1,1,3.25,H,D,Monza,1,30/11/2024,3.9
0,1.36,Milan,2,3,4.75,H,H,Empoli,0,30/11/2024,9.0
0,1.65,Bologna,1,3,3.9,H,H,Venezia,0,30/11/2024,5.25
1,2.0,Udinese,0,0,3.3,A,A,Genoa,2,01/12/2024,4.0
0,4.2,Parma,1,3,3.8,H,H,Lazio,1,01/12/2024,1.8
1,5.0,Torino,0,0,3.4,A,A,Napoli,1,01/12/2024,1.8
0,5.25,Lecce,0,1,3.6,D,D,Juventus,1,01/12/2024,1.7
0,3.2,Roma,0,0,3.5,D,A,Atalanta,2,02/12/2024,2.2
0,1.18,Inter,1,3,7.0,H,H,Parma,1,06/12/2024,15.0
1,2.15,Atalanta,1,2,3.4,D,H,Milan,1,06/12/2024,3.3
0,2.5,Genoa,0,0,3.1,D,D,Torino,0,07/12/2024,3.0
1,1.7,Juventus,0,2,3.6,A,D,Bologna,2,07/12/2024,5.25
1,1.57,Roma,1,4,4.0,D,H,Lecce,1,07/12/2024,6.25
0,1.5,Fiorentina,1,1,4.5,H,H,Cagliari,0,08/12/2024,6.0
4,2.63,Verona,1,1,2.75,A,A,Empoli,4,08/12/2024,3.25
0,2.75,Venezia,1,2,3.3,H,D,Como,2,08/12/2024,2.6
0,1.9,Napoli,0,0,3.4,D,A,Lazio,1,08/12/2024,4.33
1,2.7,Monza,0,1,3.0,A,A,Udinese,2,09/12/2024,2.88
0,2.7,Empoli,0,0,2.88,D,A,Torino,1,13/12/2024,3.0
0,5.5,Cagliari,0,0,4.33,D,A,Atalanta,1,14/12/2024,1.55
0,5.25,Udinese,1,1,3.5,H,A,Napoli,3,14/12/2024,1.73
0,1.3,Juventus,1,2,5.25,H,D,Venezia,2,14/12/2024,9.0
1,2.45,Lecce,2,2,3.0,H,H,Monza,1,15/12/2024,3.2
0,2.7,Bologna,0,1,3.1,D,H,Fiorentina,0,15/12/2024,2.75
1,1.85,Parma,1,2,3.75,D,A,Verona,3,15/12/2024,4.0
0,3.25,Como,0,2,3.4,D,H,Roma,0,15/12/2024,2.2
0,1.33,Milan,0,0,5.25,D,D,Genoa,0,15/12/2024,8.0
2,3.6,Lazio,0,0,3.4,A,A,Inter,6,16/12/2024,2.1
0,5.5,Verona,0,0,4.1,D,A,Milan,1,20/12/2024,1.57
0,3.3,Torino,0,0,2.9,D,A,Bologna,2,21/12/2024,2.45
2,5.25,Genoa,0,1,3.6,A,A,Napoli,2,21/12/2024,1.7
1,5.0,Lecce,0,1,3.6,A,A,Lazio,2,21/12/2024,1.73
0,1.53,Roma,2,5,4.2,H,H,Parma,0,22/12/2024,6.25
0,2.5,Venezia,1,2,3.3,H,H,Cagliari,1,22/12/2024,2.88
1,1.29,Atalanta,2,3,5.5,H,H,Empoli,2,22/12/2024,11.0
2,6.25,Monza,1,1,3.5,A,A,Juventus,2,22/12/2024,1.65
0,1.6,Fiorentina,1,1,3.8,H,A,Udinese,2,23/12/2024,6.0
0,1.2,Inter,0,2,6.5,D,H,Como,0,23/12/2024,15.0
0,2.55,Empoli,0,1,2.9,D,A,Genoa,2,28/12/2024,3.1
0,2.3,Parma,0,2,3.5,D,H,Monza,1,28/12/2024,3.0
0,6.5,Cagliari,0,0,4.75,D,A,Inter,3,28/12/2024,1.44
0,3.0,Lazio,1,1,3.3,H,D,Atalanta,1,28/12/2024,2.4
0,2.25,Udinese,1,2,3.1,H,D,Torino,2,29/12/2024,3.5
0,1.27,Napoli,0,1,5.5,D,H,Venezia,0,29/12/2024,11.0
1,1.95,Juventus,1,2,3.3,D,D,Fiorentina,2,29/12/2024,4.2
1,2.25,Milan,1,1,3.4,D,D,Roma,1,29/12/2024,3.2
0,1.7,Como,0,2,3.7,D,H,Lecce,0,30/12/2024,5.0
2,1.5,Bologna,1,2,4.1,A,A,Verona,3,30/12/2024,7.0
1,2.3,Venezia,1,1,3.1,D,D,Empoli,1,04/01/2025,3.4
1,2.88,Fiorentina,0,0,3.25,A,A,Napoli,3,04/01/2025,2.55
0,3.0,Verona,0,0,3.0,D,D,Udinese,0,04/01/2025,2.55
1,2.4,Monza,1,1,3.25,D,A,Cagliari,2,05/01/2025,3.0
0,2.63,Lecce,0,0,3.0,D,D,Genoa,0,05/01/2025,2.9
0,1.85,Torino,0,0,3.4,D,D,Parma,0,05/01/2025,4.5
0,2.55,Roma,2,2,3.1,H,H,Lazio,0,05/01/2025,3.0
0,1.9,Lazio,1,1,3.4,H,D,Como,1,10/01/2025,4.2
2,2.0,Empoli,0,1,3.1,A,A,Lecce,3,11/01/2025,4.33
0,5.25,Udinese,0,0,3.8,D,D,Atalanta,0,11/01/2025,1.65
1,5.0,Torino,1,1,3.2,D,D,Juventus,1,11/01/2025,1.8
0,1.33,Milan,0,1,5.0,D,D,Cagliari,1,11/01/2025,9.5
0,1.91,Genoa,0,1,3.5,D,H,Parma,0,12/01/2025,4.0
1,11.0,Venezia,0,0,5.25,A,A,Inter,1,12/01/2025,1.29
0,2.8,Bologna,0,2,3.2,D,D,Roma,2,12/01/2025,2.6
0,1.25,Napoli,1,2,5.5,H,H,Verona,0,12/01/2025,13.0
0,4.2,Monza,1,2,3.5,H,H,Fiorentina,1,13/01/2025,1.85
0,4.2,Como,0,1,3.5,D,A,Milan,2,14/01/2025,1.9
0,2.1,Atalanta,0,1,3.25,D,D,Juventus,1,14/01/2025,3.7
1,1.48,Inter,2,2,4.2,H,D,Bologna,2,15/01/2025,7.0
1,1.5,Roma,1,3,4.1,D,H,Genoa,1,17/01/2025,6.5
1,1.6,Bologna,2,3,3.75,H,H,Monza,1,18/01/2025,6.0
0,2.15,Juventus,0,2,3.3,D,H,Milan,0,18/01/2025,3.4
2,2.25,Atalanta,1,2,3.25,A,A,Napoli,3,18/01/2025,3.25
0,1.73,Fiorentina,1,1,3.4,H,D,Torino,1,19/01/2025,5.5
1,1.95,Cagliari,0,4,3.3,A,H,Lecce,1,19/01/2025,4.1
1,2.15,Parma,0,1,3.7,A,D,Venezia,1,19/01/2025,3.1
2,5.0,Verona,0,0,3.5,A,A,Lazio,3,19/01/2025,1.75
0,1.25,Inter,0,3,5.75,D,H,Empoli,1,19/01/2025,13.0
0,2.15,Como,2,4,3.4,H,H,Udinese,1,20/01/2025,3.4
0,2.2,Torino,1,2,3.2,H,H,Cagliari,0,24/01/2025,3.6
0,4.2,Como,1,1,3.6,H,A,Atalanta,2,25/01/2025,1.85
1,2.15,Napoli,0,2,3.1,A,H,Juventus,1,25/01/2025,3.8
1,3.8,Empoli,1,1,3.3,D,D,Bologna,1,25/01/2025,2.0
1,1.3,Milan,1,3,6.0,D,H,Parma,2,26/01/2025,8.5
0,3.3,Udinese,1,1,3.3,H,A,Roma,2,26/01/2025,2.25
2,9.5,Lecce,0,0,5.25,A,A,Inter,4,26/01/2025,1.33
2,2.0,Lazio,0,1,3.5,A,A,Fiorentina,2,26/01/2025,3.8
0,2.15,Venezia,1,1,3.5,H,D,Verona,1,27/01/2025,3.25
0,2.25,Genoa,0,2,3.0,D,H,Monza,0,27/01/2025,3.6
1,2.15,Parma,1,1,3.4,D,A,Lecce,3,31/01/2025,3.5
1,2.3,Monza,0,0,3.0,A,A,Verona,1,01/02/2025,3.5
0,1.83,Udinese,0,3,3.4,D,H,Venezia,2,01/02/2025,4.5
1,1.42,Atalanta,1,1,4.5,D,D,Torino,1,01/02/2025,7.5
0,1.9,Bologna,1,2,3.5,H,H,Como,0,01/02/2025,4.2
1,1.36,Juventus,0,4,4.75,A,H,Empoli,1,02/02/2025,9.0
0,1.65,Fiorentina,2,2,3.9,H,H,Genoa,1,02/02/2025,5.25
0,4.0,Milan,1,1,3.5,H,D,Inter,1,02/02/2025,1.91
1,3.1,Roma,0,1,3.2,A,D,Napoli,1,02/02/2025,2.38
1,3.9,Cagliari,0,1,3.4,A,A,Lazio,2,03/02/2025,2.0
0,3.6,Fiorentina,0,3,3.5,D,H,Inter,0,06/02/2025,2.05
1,3.7,Como,1,1,3.4,D,A,Juventus,2,07/02/2025,2.05
4,6.25,Verona,0,0,4.1,A,A,Atalanta,5,08/02/2025,1.53
0,5.5,Empoli,0,0,3.8,D,A,Milan,2,08/02/2025,1.65
0,2.2,Torino,1,1,3.1,H,D,Genoa,1,08/02/2025,3.6
0,5.0,Venezia,0,0,3.7,D,A,Roma,1,09/02/2025,1.73
0,1.85,Cagliari,0,2,3.6,D,H,Parma,1,09/02/2025,4.1
0,1.38,Lazio,1,5,4.75,H,H,Monza,1,09/02/2025,8.5
0,4.2,Lecce,0,0,3.5,D,D,Bologna,0,09/02/2025,1.91
1,1.44,Napoli,1,1,4.5,D,D,Udinese,1,09/02/2025,7.5
1,1.48,Inter,1,2,4.75,D,H,Fiorentina,1,10/02/2025,6.5
1,1.8,Bologna,1,3,3.4,D,H,Torino,2,14/02/2025,5.0
0,1.44,Atalanta,0,0,4.75,D,D,Cagliari,0,15/02/2025,6.5
1,2.63,Lazio,1,2,3.2,D,D,Napoli,2,15/02/2025,2.8
0,1.33,Milan,0,1,4.75,D,H,Verona,0,15/02/2025,9.5
1,2.0,Fiorentina,0,0,3.5,A,A,Como,2,16/02/2025,3.75
0,2.7,Monza,0,0,3.2,D,D,Lecce,0,16/02/2025,2.7
0,1.8,Udinese,1,3,3.5,H,H,Empoli,0,16/02/2025,4.75
1,3.6,Parma,0,0,3.5,A,A,Roma,1,16/02/2025,2.05
0,3.4,Juventus,0,1,3.2,D,H,Inter,0,16/02/2025,2.25
0,1.85,Genoa,0,2,3.4,D,H,Venezia,0,17/02/2025,4.5
1,3.0,Lecce,0,0,3.0,A,A,Udinese,1,21/02/2025,2.6
0,4.0,Parma,1,2,3.5,H,H,Bologna,0,22/02/2025,1.91
0,5.0,Venezia,0,0,4.0,D,D,Lazio,0,22/02/2025,1.67
0,3.9,Torino,1,2,3.3,H,H,Milan,1,22/02/2025,2.0
0,1.27,Inter,0,1,5.25,D,H,Genoa,0,22/02/2025,13.0
1,3.6,Como,1,2,3.0,D,H,Napoli,1,23/02/2025,2.25
0,4.33,Verona,0,1,3.4,D,H,Fiorentina,0,23/02/2025,1.9
3,6.25,Empoli,0,0,3.9,A,A,Atalanta,5,23/02/2025,1.57
1,4.1,Cagliari,0,0,3.5,A,A,Juventus,1,23/02/2025,1.9
0,1.33,Roma,2,4,4.75,H,H,Monza,0,24/02/2025,11.0
1,2.88,Bologna,0,2,3.3,A,H,Milan,1,27/02/2025,2.5
0,1.75,Fiorentina,1,1,3.4,H,H,Lecce,0,28/02/2025,5.0
0,1.2,Atalanta,0,0,6.5,D,D,Venezia,0,01/03/2025,15.0
1,3.1,Napoli,0,1,3.2,A,D,Inter,1,01/03/2025,2.38
0,1.8,Udinese,1,1,3.6,H,H,Parma,0,01/03/2025,4.5
1,4.1,Monza,0,0,3.3,A,A,Torino,2,02/03/2025,1.95
1,1.57,Bologna,0,2,3.75,A,H,Cagliari,1,02/03/2025,6.5
1,1.91,Genoa,0,1,3.1,A,D,Empoli,1,02/03/2025,4.75
1,1.87,Roma,0,2,3.6,A,H,Como,1,02/03/2025,4.0
1,2.05,Milan,0,1,3.6,A,A,Lazio,2,02/03/2025,3.5
0,1.3,Juventus,0,2,5.0,D,H,Verona,0,03/03/2025,12.0
0,2.45,Cagliari,1,1,3.0,H,D,Genoa,1,07/03/2025,3.2
0,1.57,Como,0,1,3.8,D,D,Venezia,1,08/03/2025,6.5
1,3.0,Parma,0,2,3.25,A,D,Torino,2,08/03/2025,2.4
0,4.75,Lecce,1,2,3.6,H,A,Milan,3,08/03/2025,1.75
2,1.14,Inter,1,3,7.0,A,H,Monza,2,08/03/2025,21.0
1,5.25,Verona,0,1,3.3,A,A,Bologna,2,09/03/2025,1.75
0,1.55,Napoli,1,2,4.0,H,H,Fiorentina,1,09/03/2025,6.25
1,3.9,Empoli,0,0,3.3,A,A,Roma,1,09/03/2025,2.0
1,2.5,Juventus,0,0,3.25,A,A,Atalanta,4,09/03/2025,2.88
1,1.73,Lazio,1,1,3.5,D,D,Udinese,1,10/03/2025,5.25
0,2.15,Genoa,2,2,2.9,H,H,Lecce,1,14/03/2025,4.2
0,3.1,Monza,0,1,3.0,D,D,Parma,1,15/03/2025,2.45
0,1.73,Udinese,0,0,3.5,D,A,Verona,1,15/03/2025,5.0
1,1.8,Milan,0,2,3.6,A,H,Como,1,15/03/2025,4.5
0,1.8,Torino,0,1,3.3,D,H,Empoli,0,15/03/2025,5.0
0,5.75,Venezia,0,0,4.33,D,D,Napoli,0,16/03/2025,1.53
0,2.4,Bologna,1,5,3.1,H,H,Lazio,0,16/03/2025,3.25
0,1.55,Roma,0,1,4.2,D,H,Cagliari,0,16/03/2025,5.75
0,3.4,Fiorentina,2,3,3.2,H,H,Juventus,0,16/03/2025,2.25
0,2.55,Atalanta,0,0,3.3,D,A,Inter,2,16/03/2025,2.8
0,1.75,Como,0,1,3.3,D,D,Empoli,1,29/03/2025,5.25
0,5.0,Venezia,0,0,3.5,D,A,Bologna,1,29/03/2025,1.75
0,1.53,Juventus,1,1,3.9,H,H,Genoa,0,29/03/2025,7.0
0,4.75,Lecce,0,0,3.5,D,A,Roma,1,29/03/2025,1.75
0,1.67,Cagliari,0,3,3.5,D,H,Monza,0,30/03/2025,5.5
0,3.75,Fiorentina,1,1,3.3,H,H,Atalanta,0,30/03/2025,2.05
0,1.4,Inter,2,2,4.33,H,H,Udinese,1,30/03/2025,8.5
0,1.91,Napoli,2,2,3.7,H,H,Milan,1,30/03/2025,3.75
0,2.4,Verona,0,0,3.1,D,D,Parma,0,31/03/2025,3.1
0,1.75,Lazio,0,1,3.3,D,D,Torino,1,31/03/2025,5.25
0,2.45,Genoa,0,1,2.88,D,H,Udinese,0,04/04/2025,3.4
2,5.0,Monza,1,1,3.8,A,A,Como,3,05/04/2025,1.7
2,6.5,Parma,0,2,4.5,A,D,Inter,2,05/04/2025,1.48
2,1.9,Milan,1,2,3.5,A,D,Fiorentina,2,05/04/2025,4.2
0,2.3,Lecce,0,1,3.1,D,D,Venezia,1,06/04/2025,3.4
0,2.45,Empoli,0,0,3.0,D,D,Cagliari,0,06/04/2025,3.1
0,1.8,Torino,0,1,3.2,D,D,Verona,1,06/04/2025,5.25
0,1.7,Atalanta,0,0,3.8,D,A,Lazio,1,06/04/2025,5.0
1,2.5,Roma,0,1,3.1,A,D,Juventus,1,06/04/2025,3.0
1,2.9,Bologna,0,1,3.0,A,D,Napoli,1,07/04/2025,2.7
2,4.0,Udinese,0,0,3.6,A,A,Milan,4,11/04/2025,1.91
0,1.73,Venezia,0,1,3.6,D,H,Monza,0,12/04/2025,5.0
0,1.33,Inter,2,3,5.25,H,H,Cagliari,1,12/04/2025,8.0
0,1.33,Juventus,2,2,4.5,H,H,Lecce,1,12/04/2025,10.0
0,1.95,Atalanta,2,2,3.5,H,H,Bologna,0,13/04/2025,3.9
0,1.73,Fiorentina,0,0,3.8,D,D,Parma,0,13/04/2025,4.75
0,3.0,Verona,0,0,2.9,D,D,Genoa,0,13/04/2025,2.63
0,1.91,Como,1,1,3.5,H,H,Torino,0,13/04/2025,4.1
0,2.8,Lazio,0,1,3.2,D,D,Roma,1,13/04/2025,2.63
0,1.33,Napoli,1,3,5.0,H,H,Empoli,0,14/04/2025,9.5
1,3.75,Lecce,0,0,3.3,A,A,Como,3,19/04/2025,2.05
0,13.0,Monza,0,0,5.0,D,A,Napoli,1,19/04/2025,1.29
0,1.4,Roma,1,1,4.5,H,H,Verona,0,19/04/2025,8.5
0,2.25,Empoli,0,2,3.0,D,D,Venezia,2,20/04/2025,3.6
0,3.4,Bologna,0,1,3.1,D,H,Inter,0,20/04/2025,2.3
0,2.5,Milan,0,0,3.4,D,A,Atalanta,1,20/04/2025,2.75
1,3.1,Cagliari,1,1,3.1,D,A,Fiorentina,2,23/04/2025,2.45
1,3.3,Genoa,0,0,3.2,A,A,Lazio,2,23/04/2025,2.3
0,4.75,Parma,1,1,3.6,H,H,Juventus,0,23/04/2025,1.75
0,2.4,Torino,1,2,2.9,H,H,Udinese,0,23/04/2025,3.3
0,1.85,Como,0,1,3.4,D,H,Genoa,0,27/04/2025,4.75
1,4.75,Venezia,0,0,4.0,A,A,Milan,2,27/04/2025,1.7
0,1.83,Fiorentina,2,2,3.5,H,H,Empoli,1,27/04/2025,4.5
1,1.73,Inter,0,0,3.8,A,A,Roma,1,27/04/2025,4.75
0,1.2,Juventus,2,2,7.5,H,H,Monza,0,27/04/2025,12.0
1,1.25,Atalanta,0,1,6.0,A,D,Lecce,1,27/04/2025,11.0
0,1.42,Napoli,2,2,4.33,H,H,Torino,0,27/04/2025,8.0
0,4.5,Udinese,0,0,3.5,D,D,Bologna,0,28/04/2025,1.85
1,1.53,Lazio,0,2,4.5,A,D,Parma,2,28/04/2025,5.75
1,2.5,Verona,0,0,2.75,A,A,Cagliari,2,28/04/2025,3.5
1,2.5,Torino,0,1,2.88,A,D,Venezia,1,02/05/2025,3.25
1,2.2,Cagliari,1,1,3.2,D,A,Udinese,2,03/05/2025,3.5
0,3.1,Parma,0,0,3.3,D,A,Como,1,03/05/2025,2.3
1,7.0,Lecce,0,0,3.8,A,A,Napoli,1,03/05/2025,1.55
0,1.3,Inter,1,1,5.25,H,H,Verona,0,03/05/2025,10.0
1,4.33,Empoli,0,0,3.6,A,A,Lazio,1,04/05/2025,1.83
2,13.0,Monza,0,0,6.0,A,A,Atalanta,4,04/05/2025,1.22
0,1.65,Roma,1,1,3.7,H,H,Fiorentina,0,04/05/2025,5.5
1,2.4,Bologna,0,1,3.1,A,D,Juventus,1,04/05/2025,3.2
0,4.75,Genoa,0,1,3.7,D,A,Milan,2,05/05/2025,1.8
0,2.3,Milan,0,3,3.4,D,H,Bologna,1,09/05/2025,3.0
1,1.73,Como,2,3,3.8,H,H,Cagliari,1,10/05/2025,4.75
0,2.45,Lazio,0,1,3.2,D,D,Juventus,1,10/05/2025,3.0
0,2.15,Empoli,1,2,3.3,H,H,Parma,1,10/05/2025,3.5
0,1.48,Udinese,0,1,4.2,D,A,Monza,2,11/05/2025,7.0
1,2.15,Verona,1,1,3.0,D,D,Lecce,1,11/05/2025,3.75
1,5.75,Torino,0,0,4.0,A,A,Inter,2,11/05/2025,1.57
1,1.3,Napoli,1,2,5.25,D,D,Genoa,2,11/05/2025,11.0
0,3.1,Venezia,0,2,3.2,D,H,Fiorentina,1,12/05/2025,2.38
1,1.95,Atalanta,1,2,3.6,D,H,Roma,1,12/05/2025,3.75
0,4.5,Genoa,1,2,3.9,H,A,Atalanta,3,17/05/2025,1.75
0,2.6,Cagliari,2,3,3.0,H,H,Venezia,0,18/05/2025,3.0
0,2.75,Fiorentina,1,3,3.0,H,H,Bologna,2,18/05/2025,2.75
0,1.62,Inter,1,2,4.2,H,D,Lazio,2,18/05/2025,5.0
0,1.38,Juventus,0,2,4.75,D,H,Udinese,0,18/05/2025,8.5
0,1.83,Lecce,0,1,3.4,D,H,Torino,0,18/05/2025,4.6
0,5.0,Monza,1,1,3.6,H,A,Empoli,3,18/05/2025,1.73
0,6.25,Parma,0,0,4.2,D,D,Napoli,0,18/05/2025,1.5
1,2.3,Roma,1,3,3.6,D,H,Milan,1,18/05/2025,2.9
1,3.5,Verona,0,1,3.3,A,D,Como,1,18/05/2025,2.15
1,5.0,Como,0,0,4.2,A,A,Inter,2,23/05/2025,1.65
0,1.2,Napoli,1,2,7.0,H,H,Cagliari,0,23/05/2025,12.0
3,1.5,Bologna,0,1,4.5,A,A,Genoa,3,24/05/2025,6.0
0,1.22,Milan,0,2,7.0,D,H,Monza,0,24/05/2025,11.0
0,1.75,Atalanta,2,2,3.5,H,A,Parma,3,25/05/2025,5.0
1,1.95,Empoli,1,1,3.2,D,A,Verona,2,25/05/2025,4.33
1,1.53,Lazio,0,0,3.7,A,A,Lecce,1,25/05/2025,7.5
1,5.5,Torino,0,0,4.2,A,A,Roma,2,25/05/2025,1.57
0,3.7,Udinese,1,2,3.6,H,A,Fiorentina,3,25/05/2025,2.0
2,5.75,Venezia,1,2,4.33,A,A,Juventus,3,25/05/2025,1.53
0,1.9,Genoa,0,0,3.3,D,D,Lecce,0,23/08/2025,4.5
1,6.0,Sassuolo,0,0,4.0,A,A,Napoli,2,23/08/2025,1.57
1,1.33,Milan,1,1,5.25,D,A,Cremonese,2,23/08/2025,9.0
0,2.1,Roma,0,1,3.3,D,H,Bologna,0,23/08/2025,3.5
0,3.25,Cagliari,0,1,3.3,D,D,Fiorentina,1,24/08/2025,2.25
0,2.4,Como,0,2,3.25,D,H,Lazio,0,24/08/2025,3.0
1,1.4,Atalanta,0,1,5.0,A,D,Pisa,1,24/08/2025,7.0
0,1.42,Juventus,0,2,4.75,D,H,Parma,0,24/08/2025,7.5
0,1.95,Udinese,0,1,3.3,D,D,Verona,1,25/08/2025,4.1
0,1.42,Inter,2,5,4.75,H,H,Torino,0,25/08/2025,7.5
0,2.6,Cremonese,2,3,3.2,H,H,Sassuolo,2,29/08/2025,2.75
0,6.0,Lecce,0,0,3.9,D,A,Milan,2,29/08/2025,1.57
0,2.45,Bologna,0,1,3.1,D,H,Como,0,30/08/2025,3.1
0,4.1,Parma,0,1,3.5,D,D,Atalanta,1,30/08/2025,1.91
0,1.3,Napoli,0,1,5.0,D,H,Cagliari,0,30/08/2025,11.0
0,5.25,Pisa,0,0,3.6,D,A,Roma,1,30/08/2025,1.7
0,4.5,Genoa,0,0,3.4,D,A,Juventus,1,31/08/2025,1.85
0,3.2,Torino,0,0,3.1,D,D,Fiorentina,0,31/08/2025,2.4
2,1.3,Inter,1,1,5.25,A,A,Udinese,2,31/08/2025,9.5
0,1.48,Lazio,3,4,4.33,H,H,Verona,0,31/08/2025,7.0
0,2.15,Cagliari,1,2,3.2,H,H,Parma,0,13/09/2025,3.6
1,2.75,Juventus,2,4,3.0,H,H,Inter,3,13/09/2025,2.75
2,3.5,Fiorentina,0,1,3.1,A,A,Napoli,3,13/09/2025,2.25
0,1.5,Roma,0,0,4.1,D,A,Torino,1,14/09/2025,7.0
0,1.4,Atalanta,1,4,4.5,H,H,Lecce,1,14/09/2025,8.5
1,2.75,Pisa,0,0,3.1,A,A,Udinese,1,14/09/2025,2.75
0,3.5,Sassuolo,0,1,3.6,D,H,Lazio,0,14/09/2025,2.05
0,1.91,Milan,0,1,3.4,D,H,Bologna,0,14/09/2025,4.2
0,2.38,Verona,0,0,3.1,D,D,Cremonese,0,15/09/2025,3.2
0,1.62,Como,1,1,3.75,H,D,Genoa,1,15/09/2025,6.0
1,2.88,Lecce,1,1,2.9,D,A,Cagliari,2,19/09/2025,2.75
0,1.83,Bologna,0,2,3.2,D,H,Genoa,1,20/09/2025,5.25
1,6.5,Verona,1,1,3.9,D,D,Juventus,1,20/09/2025,1.55
1,4.33,Udinese,0,0,3.6,A,A,Milan,3,20/09/2025,1.83
1,2.8,Lazio,0,0,3.1,A,A,Roma,1,21/09/2025,2.63
0,2.55,Cremonese,0,0,3.2,D,D,Parma,0,21/09/2025,2.88
3,3.25,Torino,0,0,3.4,A,A,Atalanta,3,21/09/2025,2.2
0,2.6,Fiorentina,1,1,3.2,H,A,Como,2,21/09/2025,2.8
0,1.29,Inter,1,2,5.5,H,H,Sassuolo,1,21/09/2025,12.0
0,1.27,Napoli,1,3,5.75,H,H,Pisa,2,22/09/2025,12.0
0,1.45,Como,1,1,4.33,H,D,Cremonese,1,27/09/2025,8.0
1,1.85,Juventus,0,1,3.6,A,D,Atalanta,1,27/09/2025,4.2
1,6.0,Cagliari,0,0,4.2,A,A,Inter,2,27/09/2025,1.53
0,2.3,Sassuolo,2,3,3.2,H,H,Udinese,1,28/09/2025,3.3
0,3.3,Pisa,0,0,3.25,D,D,Fiorentina,0,28/09/2025,2.25
0,1.42,Roma,1,2,4.2,H,H,Verona,0,28/09/2025,8.5
1,4.2,Lecce,1,2,3.0,D,D,Bologna,2,28/09/2025,2.05
0,2.35,Milan,2,2,3.1,H,H,Napoli,1,28/09/2025,3.2
0,2.3,Parma,1,2,3.1,H,H,Torino,1,29/09/2025,3.4
2,3.0,Genoa,0,0,3.0,A,A,Lazio,3,29/09/2025,2.6
0,2.5,Verona,0,0,3.1,D,A,Sassuolo,1,03/10/2025,3.0
1,1.7,Lazio,2,3,3.6,H,D,Torino,3,04/10/2025,5.25
1,1.85,Parma,0,0,3.7,A,A,Lecce,1,04/10/2025,4.1
0,1.2,Inter,2,4,6.5,H,H,Cremonese,1,04/10/2025,15.0
1,2.2,Atalanta,1,1,3.4,D,D,Como,1,04/10/2025,3.25
1,2.15,Udinese,0,1,3.2,A,D,Cagliari,1,05/10/2025,3.6
0,1.6,Bologna,3,4,3.9,H,H,Pisa,0,05/10/2025,5.75
2,3.0,Fiorentina,1,1,3.3,A,A,Roma,2,05/10/2025,2.4
1,1.48,Napoli,0,2,4.0,A,H,Genoa,1,05/10/2025,8.0
0,2.7,Juventus,0,0,3.2,D,D,Milan,0,05/10/2025,2.7
0,2.9,Lecce,0,0,3.2,D,D,Sassuolo,0,18/10/2025,2.5
0,2.55,Pisa,0,0,3.1,D,D,Verona,0,18/10/2025,2.9
0,5.25,Torino,1,1,3.3,H,H,Napoli,0,18/10/2025,1.8
1,3.3,Roma,0,0,3.25,A,A,Inter,1,18/10/2025,2.25
0,2.88,Como,1,2,3.25,H,H,Juventus,0,19/10/2025,2.5
1,3.6,Cagliari,0,0,3.3,A,A,Bologna,2,19/10/2025,2.1
0,2.1,Genoa,0,0,3.0,D,D,Parma,0,19/10/2025,4.0
0,1.73,Atalanta,0,0,4.0,D,D,Lazio,0,19/10/2025,4.5
0,1.5,Milan,0,2,4.33,D,H,Fiorentina,1,19/10/2025,6.5
0,3.0,Cremonese,1,1,3.25,H,D,Udinese,1,20/10/2025,2.4
0,1.3,Milan,1,2,5.5,H,D,Pisa,2,24/10/2025,10.0
0,3.9,Parma,0,0,3.5,D,D,Como,0,25/10/2025,1.95
0,1.8,Udinese,2,3,3.4,H,H,Lecce,2,25/10/2025,4.75
0,3.0,Napoli,1,3,3.1,H,H,Inter,1,25/10/2025,2.4
0,5.0,Cremonese,0,1,4.2,D,D,Atalanta,1,25/10/2025,1.62
1,2.25,Torino,0,2,2.9,A,H,Genoa,1,26/10/2025,3.5
1,4.5,Sassuolo,0,0,3.5,A,A,Roma,1,26/10/2025,1.85
0,2.25,Verona,1,2,3.0,H,D,Cagliari,2,26/10/2025,3.6
1,2.7,Fiorentina,0,2,3.1,A,D,Bologna,2,26/10/2025,2.75
0,3.2,Lazio,1,1,3.25,H,H,Juventus,0,26/10/2025,2.3
0,6.5,Lecce,0,0,3.75,D,A,Napoli,1,28/10/2025,1.55
1,2.63,Atalanta,1,1,3.2,D,D,Milan,1,28/10/2025,2.75
1,1.6,Como,1,3,3.6,D,H,Verona,1,29/10/2025,6.5
1,1.44,Juventus,1,3,4.1,D,H,Udinese,1,29/10/2025,8.5
0,1.53,Roma,0,2,3.75,D,H,Parma,1,29/10/2025,7.5
0,1.75,Bologna,0,0,3.5,D,D,Torino,0,29/10/2025,5.0
1,1.85,Genoa,0,0,3.25,A,A,Cremonese,2,29/10/2025,4.75
0,1.38,Inter,0,3,4.5,D,H,Fiorentina,0,29/10/2025,8.5
0,2.6,Cagliari,0,1,3.1,D,A,Sassuolo,2,30/10/2025,2.88
0,3.7,Pisa,0,0,3.25,D,D,Lazio,0,30/10/2025,2.1
0,4.5,Udinese,1,1,3.6,H,H,Atalanta,0,01/11/2025,1.8
0,1.95,Napoli,0,0,3.1,D,D,Como,0,01/11/2025,4.5
1,6.5,Cremonese,0,1,4.33,A,A,Juventus,2,01/11/2025,1.5
1,7.5,Verona,1,1,4.5,D,A,Inter,2,02/11/2025,1.42
1,1.62,Fiorentina,0,0,3.8,A,A,Lecce,1,02/11/2025,5.75
2,1.95,Torino,2,2,3.25,D,D,Pisa,2,02/11/2025,4.33
1,4.2,Parma,1,1,3.0,D,A,Bologna,3,02/11/2025,2.05
0,2.2,Milan,1,1,3.0,H,H,Roma,0,02/11/2025,3.7
1,2.45,Sassuolo,0,1,3.0,A,A,Genoa,2,03/11/2025,3.2
0,1.53,Lazio,0,2,3.8,D,H,Cagliari,0,03/11/2025,7.0
0,2.25,Pisa,0,1,3.1,D,H,Cremonese,0,07/11/2025,3.4
0,1.48,Como,0,0,4.5,D,D,Cagliari,0,08/11/2025,6.5
0,2.75,Lecce,0,0,2.9,D,D,Verona,0,08/11/2025,2.9
0,1.5,Juventus,0,0,4.1,D,D,Torino,0,08/11/2025,7.0
2,5.75,Parma,1,2,4.0,A,D,Milan,2,08/11/2025,1.57
1,1.44,Atalanta,0,0,4.5,A,A,Sassuolo,3,09/11/2025,7.0
0,3.0,Bologna,0,2,3.1,D,H,Napoli,0,09/11/2025,2.55
1,2.75,Genoa,1,2,3.0,D,D,Fiorentina,2,09/11/2025,2.75
0,1.55,Roma,1,2,4.0,H,H,Udinese,0,09/11/2025,6.25
0,1.36,Inter,1,2,5.0,H,H,Lazio,0,09/11/2025,8.0
2,2.88,Cagliari,2,3,3.0,D,D,Genoa,3,22/11/2025,2.75
0,3.75,Udinese,0,0,3.2,D,A,Bologna,3,22/11/2025,2.1
1,3.9,Fiorentina,0,1,3.4,A,D,Juventus,1,22/11/2025,2.0
0,2.25,Napoli,3,3,3.25,H,H,Atalanta,1,22/11/2025,3.4
1,2.25,Verona,0,1,3.0,A,A,Parma,2,23/11/2025,3.6
1,6.0,Cremonese,0,1,3.75,A,A,Roma,3,23/11/2025,1.62
0,1.62,Lazio,1,2,3.7,H,H,Lecce,0,23/11/2025,6.25
0,1.9,Inter,0,0,3.5,D,A,Milan,1,23/11/2025,4.0
1,3.5,Torino,1,1,3.25,D,A,Como,5,24/11/2025,2.2
1,2.1,Sassuolo,1,2,3.2,D,D,Pisa,2,24/11/2025,3.75
0,1.73,Como,1,2,3.6,H,H,Sassuolo,0,28/11/2025,5.0
1,2.05,Genoa,1,2,3.0,D,H,Verona,1,29/11/2025,4.2
1,2.7,Parma,0,0,3.0,A,A,Udinese,2,29/11/2025,2.8
1,1.3,Juventus,2,2,5.5,H,H,Cagliari,1,29/11/2025,10.0
0,1.62,Milan,0,1,3.8,D,H,Lazio,0,29/11/2025,5.75
0,3.0,Lecce,2,2,2.88,H,H,Torino,1,30/11/2025,2.7
0,8.0,Pisa,0,0,5.75,D,A,Inter,2,30/11/2025,1.3
0,1.73,Atalanta,1,2,3.75,H,H,Fiorentina,0,30/11/2025,4.75
1,2.6,Roma,0,0,2.88,A,A,Napoli,1,30/11/2025,3.1
2,1.48,Bologna,1,1,4.0,A,A,Cremonese,3,01/12/2025,8.0
1,2.88,Sassuolo,2,3,3.25,H,H,Fiorentina,1,06/12/2025,2.5
0,1.53,Inter,1,4,4.33,H,H,Como,0,06/12/2025,6.0
0,5.0,Verona,2,3,4.0,H,H,Atalanta,1,06/12/2025,1.67
0,2.4,Cremonese,0,2,3.1,D,H,Lecce,0,07/12/2025,3.2
0,5.25,Cagliari,0,1,3.6,D,H,Roma,0,07/12/2025,1.67
1,2.6,Lazio,1,1,3.1,D,D,Bologna,1,07/12/2025,2.9
0,2.35,Napoli,1,2,3.0,H,H,Juventus,1,07/12/2025,3.2
1,2.4,Pisa,0,0,3.0,A,A,Parma,1,08/12/2025,3.3
1,2.4,Udinese,0,1,3.0,A,A,Genoa,2,08/12/2025,3.3
1,4.5,Torino,2,2,3.6,H,A,Milan,3,08/12/2025,1.8
0,2.5,Lecce,0,1,2.88,D,H,Pisa,0,12/12/2025,3.3
0,1.95,Torino,1,1,3.25,H,H,Cremonese,0,13/12/2025,4.2
0,3.6,Parma,0,0,3.3,D,A,Lazio,1,13/12/2025,2.1
0,1.33,Atalanta,1,2,5.0,H,H,Cagliari,1,13/12/2025,9.5
1,1.42,Milan,1,2,4.33,D,D,Sassuolo,2,14/12/2025,8.0
1,1.8,Fiorentina,0,1,3.4,A,A,Verona,2,14/12/2025,4.75
0,4.5,Udinese,0,1,3.4,D,H,Napoli,0,14/12/2025,1.85
2,6.5,Genoa,0,1,4.2,A,A,Inter,2,14/12/2025,1.5
0,2.88,Bologna,0,0,3.25,D,A,Juventus,1,14/12/2025,2.5
0,2.1,Roma,0,1,3.3,D,H,Como,0,15/12/2025,3.6
0,1.62,Lazio,0,0,3.8,D,D,Cremonese,0,20/12/2025,5.75
0,1.95,Juventus,1,2,3.2,H,H,Roma,1,20/12/2025,4.33
1,2.15,Cagliari,0,2,3.1,A,D,Pisa,2,21/12/2025,3.75
0,2.3,Sassuolo,0,0,3.2,D,A,Torino,1,21/12/2025,3.3
0,2.2,Fiorentina,3,5,3.3,H,H,Udinese,1,21/12/2025,3.4
0,4.0,Genoa,0,0,3.4,D,A,Atalanta,1,21/12/2025,1.95
0,3.5,Parma,0,1,3.0,D,H,Fiorentina,0,27/12/2025,2.25
1,4.75,Lecce,0,0,3.3,A,A,Como,3,27/12/2025,1.8
1,1.91,Torino,1,1,3.2,D,A,Cagliari,2,27/12/2025,4.2
0,3.1,Udinese,0,1,3.0,D,D,Lazio,1,27/12/2025,2.45
0,7.5,Pisa,0,0,4.5,D,A,Juventus,2,27/12/2025,1.4
0,1.38,Milan,1,3,4.75,H,H,Verona,0,28/12/2025,8.5
2,6.25,Cremonese,0,0,3.9,A,A,Napoli,2,28/12/2025,1.55
0,1.75,Bologna,0,1,3.6,D,D,Sassuolo,1,28/12/2025,4.75
0,3.5,Atalanta,0,0,3.5,D,A,Inter,1,28/12/2025,2.0
0,1.6,Roma,3,3,3.6,H,H,Genoa,1,29/12/2025,6.25
0,6.0,Cagliari,0,0,3.9,D,A,Milan,1,02/01/2026,1.6
0,1.73,Como,1,1,3.8,H,H,Udinese,0,03/01/2026,4.75
1,1.9,Genoa,1,1,3.1,D,D,Pisa,1,03/01/2026,4.75
1,1.91,Sassuolo,1,1,3.3,D,D,Parma,1,03/01/2026,4.33
1,1.27,Juventus,0,1,5.5,A,D,Lecce,1,03/01/2026,13.0
0,2.3,Atalanta,1,1,3.2,H,H,Roma,0,03/01/2026,3.3
2,3.4,Lazio,0,0,3.1,A,A,Napoli,2,04/01/2026,2.3
0,1.8,Fiorentina,0,1,3.4,D,H,Cremonese,0,04/01/2026,5.0
1,2.7,Verona,0,0,3.0,A,A,Torino,3,04/01/2026,2.9
0,1.42,Inter,1,3,4.75,H,H,Bologna,1,04/01/2026,7.5
0,5.5,Pisa,0,0,3.4,D,A,Como,3,06/01/2026,1.7
1,5.25,Lecce,0,0,3.5,A,A,Roma,2,06/01/2026,1.73
1,5.0,Sassuolo,0,0,3.9,A,A,Juventus,3,06/01/2026,1.67
1,2.75,Bologna,0,0,3.3,A,A,Atalanta,2,07/01/2026,2.6
2,1.36,Napoli,0,2,5.5,A,D,Verona,2,07/01/2026,7.5
0,2.4,Lazio,0,2,3.1,D,D,Fiorentina,2,07/01/2026,3.2
1,7.5,Parma,0,0,5.0,A,A,Inter,2,07/01/2026,1.4
0,2.3,Torino,0,1,3.0,D,A,Udinese,2,07/01/2026,3.4
0,2.4,Cremonese,2,2,3.1,H,D,Cagliari,2,08/01/2026,3.2
1,1.44,Milan,0,1,4.5,A,D,Genoa,1,08/01/2026,7.5
0,1.95,Como,0,1,3.3,D,D,Bologna,1,10/01/2026,4.2
1,1.83,Udinese,2,2,3.4,H,D,Pisa,2,10/01/2026,4.6
0,1.53,Roma,0,2,4.0,D,H,Sassuolo,0,10/01/2026,6.5
0,1.6,Atalanta,1,2,3.9,H,H,Torino,0,10/01/2026,6.0
0,2.75,Lecce,1,1,3.0,H,A,Parma,2,11/01/2026,2.88
0,3.8,Fiorentina,0,1,3.4,D,D,Milan,1,11/01/2026,2.0
0,3.4,Verona,0,0,3.0,D,A,Lazio,1,11/01/2026,2.35
1,1.7,Inter,1,2,3.5,D,D,Napoli,2,11/01/2026,5.25
0,2.1,Genoa,1,3,3.0,H,H,Cagliari,0,12/01/2026,4.2
0,1.25,Juventus,3,5,6.0,H,H,Cremonese,0,12/01/2026,13.0
0,1.3,Napoli,0,0,5.25,D,D,Parma,0,14/01/2026,10.5
0,1.13,Inter,0,1,9.0,D,H,Lecce,0,14/01/2026,19.0
3,3.6,Verona,1,2,3.3,A,A,Bologna,3,15/01/2026,2.1
1,2.9,Como,1,1,3.25,D,A,Milan,3,15/01/2026,2.5
0,6.5,Pisa,0,1,3.9,D,D,Atalanta,1,16/01/2026,1.55
1,7.0,Udinese,0,0,4.75,A,A,Inter,1,17/01/2026,1.42
0,1.48,Napoli,1,1,4.33,H,H,Sassuolo,0,17/01/2026,7.5
0,6.25,Cagliari,0,1,4.2,D,H,Juventus,0,17/01/2026,1.5
0,2.9,Parma,0,0,2.55,D,D,Genoa,0,18/01/2026,3.0
2,2.2,Bologna,0,1,3.3,A,A,Fiorentina,2,18/01/2026,3.4
1,3.75,Torino,0,0,3.1,A,A,Roma,2,18/01/2026,2.15
0,1.29,Milan,0,1,5.0,D,H,Lecce,0,18/01/2026,13.0
0,2.63,Cremonese,0,0,2.9,D,D,Verona,0,19/01/2026,3.1
2,2.7,Lazio,0,0,2.9,A,A,Como,3,19/01/2026,3.0
2,1.18,Inter,3,6,7.5,H,H,Pisa,2,23/01/2026,15.0
0,1.62,Como,2,6,3.75,H,H,Torino,0,24/01/2026,6.0
1,1.62,Fiorentina,0,1,3.8,A,A,Cagliari,2,24/01/2026,5.75
0,4.0,Lecce,0,0,3.0,D,D,Lazio,0,24/01/2026,2.1
0,1.91,Sassuolo,1,1,3.4,H,H,Cremonese,0,25/01/2026,4.2
0,1.42,Atalanta,2,4,4.5,H,H,Parma,0,25/01/2026,7.5
1,3.0,Genoa,0,3,3.0,A,H,Bologna,2,25/01/2026,2.6
0,2.05,Juventus,1,3,3.2,H,H,Napoli,0,25/01/2026,4.0
0,2.63,Roma,0,1,3.1,D,D,Milan,1,25/01/2026,2.88
1,2.8,Verona,1,1,3.0,D,A,Udinese,3,26/01/2026,2.8
0,2.2,Lazio,0,3,2.88,D,H,Genoa,2,30/01/2026,4.0
2,2.9,Pisa,0,1,3.1,A,A,Sassuolo,3,31/01/2026,2.55
0,1.8,Napoli,1,2,3.4,H,H,Fiorentina,1,31/01/2026,5.0
0,2.2,Cagliari,2,4,3.0,H,H,Verona,0,31/01/2026,3.8
0,1.95,Torino,1,1,3.1,H,H,Lecce,0,01/02/2026,4.5
0,2.35,Como,0,0,3.25,D,D,Atalanta,0,01/02/2026,3.2
2,11.0,Cremonese,0,0,5.0,A,A,Inter,2,01/02/2026,1.3
2,7.5,Parma,0,1,4.33,A,A,Juventus,4,01/02/2026,1.45
0,4.33,Udinese,0,1,3.4,D,H,Roma,0,02/02/2026,1.91
2,2.9,Bologna,0,0,3.25,A,A,Milan,3,03/02/2026,2.5
0,2.55,Verona,0,0,3.0,D,D,Pisa,0,06/02/2026,3.0
2,4.5,Genoa,1,2,3.2,A,A,Napoli,3,07/02/2026,1.95
1,1.75,Fiorentina,0,2,3.75,A,D,Torino,2,07/02/2026,4.75
0,1.6,Bologna,0,0,3.9,D,A,Parma,1,08/02/2026,5.75
1,3.1,Lecce,1,2,2.88,D,H,Udinese,1,08/02/2026,2.63
2,7.5,Sassuolo,0,0,4.5,A,A,Inter,5,08/02/2026,1.44
1,1.48,Juventus,0,2,4.2,A,D,Lazio,2,08/02/2026,7.5
0,1.36,Atalanta,2,2,5.0,H,H,Cremonese,1,09/02/2026,8.5
0,1.48,Roma,1,2,4.1,H,H,Cagliari,0,09/02/2026,7.5
1,6.5,Pisa,0,1,4.2,A,A,Milan,2,13/02/2026,1.5
1,1.73,Como,0,1,3.75,A,A,Fiorentina,2,14/02/2026,4.75
1,3.5,Lazio,0,0,3.25,A,A,Atalanta,2,14/02/2026,2.15
1,1.95,Inter,1,3,3.4,D,H,Juventus,2,14/02/2026,4.1
0,2.4,Udinese,1,1,3.0,H,A,Sassuolo,2,15/02/2026,3.3
0,3.2,Cremonese,0,0,3.0,D,D,Genoa,0,15/02/2026,2.45
1,2.3,Parma,1,2,3.0,D,H,Verona,1,15/02/2026,3.5
0,3.3,Torino,0,1,3.25,D,A,Bologna,2,15/02/2026,2.25
1,2.3,Napoli,1,2,3.0,D,D,Roma,2,15/02/2026,3.5
0,2.2,Cagliari,0,0,3.0,D,A,Lecce,2,16/02/2026,3.75
1,2.25,Milan,0,1,3.3,A,D,Como,1,18/02/2026,3.25
0,1.75,Sassuolo,2,3,3.3,H,H,Verona,0,20/02/2026,5.25
1,2.0,Juventus,0,0,3.4,A,A,Como,2,21/02/2026,3.7
0,7.0,Lecce,0,0,4.33,D,A,Inter,2,21/02/2026,1.48
0,3.4,Cagliari,0,0,3.0,D,D,Lazio,0,21/02/2026,2.35
0,2.25,Genoa,2,3,3.0,H,H,Torino,0,22/02/2026,3.6
1,2.45,Atalanta,0,2,3.2,A,H,Napoli,1,22/02/2026,3.0
0,1.33,Milan,0,0,5.0,D,A,Parma,1,22/02/2026,9.5
0,1.36,Roma,0,3,4.5,D,H,Cremonese,0,22/02/2026,10.0
0,1.67,Fiorentina,1,1,4.0,H,H,Pisa,0,23/02/2026,5.0
0,1.85,Bologna,0,1,3.5,D,H,Udinese,0,23/02/2026,4.5
0,2.25,Parma,0,1,3.0,D,D,Cagliari,1,27/02/2026,3.7
1,1.38,Como,3,3,4.5,H,H,Lecce,1,28/02/2026,9.5
1,7.5,Verona,0,1,4.0,A,A,Napoli,2,28/02/2026,1.5
0,1.33,Inter,1,2,5.5,H,H,Genoa,0,28/02/2026,9.0
0,6.5,Cremonese,0,0,4.33,D,A,Milan,2,01/03/2026,1.5
0,3.8,Sassuolo,1,2,3.6,H,H,Atalanta,1,01/03/2026,1.95
0,2.88,Torino,1,2,3.0,H,H,Lazio,0,01/03/2026,2.7
0,2.63,Roma,1,3,3.1,H,D,Juventus,3,01/03/2026,2.88
0,4.2,Pisa,0,0,3.2,D,A,Bologna,1,02/03/2026,2.0
0,3.25,Udinese,1,3,3.2,H,H,Fiorentina,0,02/03/2026,2.35
0,1.57,Napoli,1,2,3.8,H,H,Torino,1,06/03/2026,6.25
1,5.75,Cagliari,0,1,4.0,A,A,Como,2,07/03/2026,1.57
1,1.67,Atalanta,0,2,3.7,A,D,Udinese,2,07/03/2026,5.5
0,1.25,Juventus,0,4,6.25,D,H,Pisa,0,07/03/2026,11.0
0,2.1,Lecce,2,2,3.0,H,H,Cremonese,1,08/03/2026,4.0
0,1.55,Bologna,0,1,3.9,D,A,Verona,2,08/03/2026,6.5
0,1.7,Fiorentina,0,0,3.6,D,D,Parma,0,08/03/2026,5.25
0,4.2,Genoa,0,2,3.4,D,H,Roma,1,08/03/2026,1.91
0,3.6,Milan,1,1,3.0,H,H,Inter,0,08/03/2026,2.25
1,2.15,Lazio,1,2,3.25,D,H,Sassuolo,1,09/03/2026,3.5
1,2.2,Torino,1,4,3.0,D,H,Parma,1,13/03/2026,3.8
0,1.55,Inter,1,1,4.33,H,D,Atalanta,1,14/03/2026,5.75
1,1.33,Napoli,0,2,4.75,A,H,Lecce,1,14/03/2026,10.0
1,5.75,Udinese,0,0,4.2,A,A,Juventus,1,14/03/2026,1.55
0,3.25,Verona,0,0,3.0,D,A,Genoa,2,15/03/2026,2.4
0,2.55,Pisa,1,3,3.0,H,H,Cagliari,1,15/03/2026,3.1
1,2.4,Sassuolo,0,0,3.3,A,A,Bologna,1,15/03/2026,3.0
1,2.1,Como,0,2,3.3,A,H,Roma,1,15/03/2026,3.6
0,4.1,Lazio,1,1,3.3,H,H,Milan,0,15/03/2026,1.95
2,3.9,Cremonese,0,1,3.6,A,A,Fiorentina,4,16/03/2026,1.91
0,2.0,Lyon,1,2,3.0,H,H,Benevento,1,2026-03-24,3.0
0,2.0,Brighton,1,2,3.0,H,H,Liverpool,1,2026-03-24,3.0
0,2.0,Monaco,2,4,3.0,H,H,Union Berlin,0,2026-03-24,3.0
0,2.0,Lyon,0,1,3.0,D,H,Lorient,0,2026-03-24,3.0
1,2.0,Newcastle,0,1,3.0,A,A,Sunderland,2,2026-03-24,3.0
0,2.0,Barcelona,0,1,3.0,D,H,Rayo Vallecano,0,2026-03-24,3.0
0,2.0,Mainz,1,2,3.0,H,H,Eintracht Francoforte,1,2026-03-24,3.0
0,2.0,Fulham,1,3,3.0,H,H,Burnley,1,2026-03-24,3.0
0,2.0,Everton,1,3,3.0,H,H,Chelsea,0,2026-03-24,3.0
0,2.0,Leeds,0,0,3.0,D,D,Brentford,0,2026-03-24,3.0
0,2.0,Elche,1,2,3.0,H,H,Mallorca,1,2026-03-24,3.0
1,2.0,Espanyol,0,1,3.0,A,A,Getafe,2,2026-03-24,3.0
1,2.0,Levante,2,4,3.0,H,H,Real Oviedo,2,2026-03-24,3.0
0,2.0,Osasuna,0,1,3.0,D,H,Girona,0,2026-03-24,3.0
1,2.0,Siviglia,0,0,3.0,A,A,Valencia,2,2026-03-24,3.0
1,2.0,Heidenheim,1,3,3.0,D,D,Leverkusen,3,2026-03-24,3.0
0,2.0,Wolfsburg,0,0,3.0,D,A,Werder Bremen,1,2026-03-24,3.0
1,2.0,Dortmund,1,3,3.0,D,H,Amburgo,2,2026-03-24,3.0
0,2.0,Auxerre,1,3,3.0,H,H,Brest,0,2026-03-24,3.0
2,2.0,Nizza,0,0,3.0,A,A,PSG,4,2026-03-24,3.0
0,2.0,Aston Villa,1,2,3.0,H,H,West Ham,0,2026-03-24,3.0
1,2.0,Tottenham,0,0,3.0,A,A,Forest,3,2026-03-24,3.0
2,2.0,Celta Vigo,1,3,3.0,A,A,Alaves,4,2026-03-24,3.0
0,2.0,Athletic Bilbao,1,2,3.0,H,H,Betis,1,2026-03-24,3.0
1,2.0,Real Madrid,1,3,3.0,D,H,Atletico Madrid,2,2026-03-24,3.0
1,2.0,Pauli,0,1,3.0,A,A,Friburgo,2,2026-03-24,3.0
2,2.0,Augsburg,1,2,3.0,A,A,Stoccarda,5,2026-03-24,3.0
1,2.0,Lione,0,1,3.0,A,A,Monaco,2,2026-03-24,3.0
1,2.0,Marsiglia,0,1,3.0,A,A,Lille,2,2026-03-24,3.0
1,2.0,Paris FC,1,3,3.0,D,H,Le Havre,2,2026-03-24,3.0
0,2.0,Rennes,0,0,3.0,D,D,Metz,0,2026-03-24,3.0
1,2.0,Nantes,1,2,3.0,D,A,Strasbourg,3,2026-03-24,3.0
0,2.0,Rayo Vallecano,0,1,3.0,D,H,Elche,0,2026-04-06,3.0
0,2.0,PSG,1,3,3.0,H,H,Lyon,1,2026-04-06,3.0
0,2.0,Real Sociedad,1,2,3.0,H,H,Levante,0,2026-04-06,3.0
0,2.0,Mallorca,1,2,3.0,H,H,Real Madrid,1,2026-04-06,3.0
0,2.0,Betis,0,0,3.0,D,D,Espanyol,0,2026-04-06,3.0
1,2.0,Atletico Madrid,0,1,3.0,A,A,Barcelona,2,2026-04-06,3.0
0,2.0,Amburgo,0,1,3.0,D,D,Augsburg,1,2026-04-06,3.0
1,2.0,Werder Bremen,0,1,3.0,A,A,Lipsia,2,2026-04-06,3.0
1,2.0,Friburgo,1,2,3.0,D,A,Monaco,3,2026-04-06,3.0
1,2.0,Hoffenheim,0,1,3.0,A,A,Mainz,2,2026-04-06,3.0
1,2.0,Leverkusen,3,6,3.0,H,H,Wolfsburg,3,2026-04-06,3.0
1,2.0,Stoccarda,0,0,3.0,A,A,Dortmund,2,2026-04-06,3.0
0,2.0,Strasbourg,1,3,3.0,H,H,Nizza,1,2026-04-06,3.0
2,2.0,Brest,1,3,3.0,A,A,Rennes,4,2026-04-06,3.0
0,2.0,Lille,1,3,3.0,H,H,Lens,0,2026-04-06,3.0
0,2.0,Getafe,1,2,3.0,H,H,Athletic Bilbao,0,2026-04-06,3.0
1,2.0,Valencia,1,2,3.0,D,A,Celta Vigo,3,2026-04-06,3.0
0,2.0,Real Oviedo,0,1,3.0,D,H,Siviglia,0,2026-04-06,3.0
1,2.0,Alaves,1,2,3.0,D,D,Osasuna,2,2026-04-06,3.0
1,2.0,Eintracht Francoforte,1,2,3.0,D,D,Lyon,2,2026-04-06,3.0
0,2.0,Angers,0,0,3.0,D,D,Lione,0,2026-04-06,3.0
0,2.0,Le Havre,0,1,3.0,D,D,Auxerre,1,2026-04-06,3.0
0,2.0,Lorient,0,1,3.0,D,D,PSG,1,2026-04-06,3.0
0,2.0,Metz,0,0,3.0,D,D,Nantes,0,2026-04-06,3.0
0,2.0,Monaco,1,2,3.0,H,H,Marsiglia,1,2026-04-06,3.0
0,2.0,Girona,0,1,3.0,D,H,Aston Villa,0,2026-04-07,3.0
1,2.0,Cremonese,1,2,3.0,D,D,Cagliari,2,2026-01-08,3.0
0,2.0,Milan,0,1,3.0,D,D,Genoa,1,2026-01-08,3.0
0,2.0,Como,0,1,3.0,D,D,Bologna,1,2026-01-10,3.0
1,2.0,Udinese,1,2,3.0,D,D,Pisa,2,2026-01-10,3.0
0,2.0,Roma,1,2,3.0,H,H,Sassuolo,0,2026-01-10,3.0
0,2.0,Atalanta,1,2,3.0,H,H,Torino,0,2026-01-10,3.0
1,2.0,Lecce,0,1,3.0,A,A,Parma,2,2026-01-11,3.0
0,2.0,Fiorentina,0,1,3.0,D,D,Milan,1,2026-01-11,3.0
0,2.0,Verona,0,0,3.0,D,A,Lazio,1,2026-01-11,3.0
1,2.0,Inter,1,2,3.0,D,D,Napoli,2,2026-01-11,3.0
0,2.0,Genoa,1,3,3.0,H,H,Cagliari,0,2026-01-12,3.0
0,2.0,Juventus,2,5,3.0,H,H,Cremonese,0,2026-01-12,3.0
0,2.0,Napoli,0,0,3.0,D,D,Parma,0,2026-01-14,3.0
0,2.0,Inter,0,1,3.0,D,H,Lecce,0,2026-01-14,3.0
1,2.0,Verona,1,2,3.0,D,A,Bologna,3,2026-01-15,3.0
1,2.0,Como,0,1,3.0,A,A,Milan,3,2026-01-15,3.0
0,2.0,Pisa,0,1,3.0,D,D,Atalanta,1,2026-01-16,3.0
0,2.0,Udinese,0,0,3.0,D,A,Inter,1,2026-01-17,3.0
0,2.0,Napoli,0,1,3.0,D,H,Sassuolo,0,2026-01-17,3.0
0,2.0,Cagliari,0,1,3.0,D,H,Juventus,0,2026-01-17,3.0
0,2.0,Parma,0,0,3.0,D,D,Genoa,0,2026-01-18,3.0
1,2.0,Bologna,0,1,3.0,A,A,Fiorentina,2,2026-01-18,3.0
1,2.0,Torino,0,0,3.0,A,A,Roma,2,2026-01-18,3.0
0,2.0,Milan,0,1,3.0,D,H,Lecce,0,2026-01-18,3.0
0,2.0,Cremonese,0,0,3.0,D,D,Verona,0,2026-01-19,3.0
1,2.0,Lazio,0,0,3.0,A,A,Como,3,2026-01-19,3.0
1,2.0,Inter,3,6,3.0,H,H,Pisa,2,2026-01-23,3.0
0,2.0,Como,3,6,3.0,H,H,Torino,0,2026-01-24,3.0
1,2.0,Fiorentina,0,1,3.0,A,A,Cagliari,2,2026-01-24,3.0
0,2.0,Lecce,0,0,3.0,D,D,Lazio,0,2026-01-24,3.0
0,2.0,Sassuolo,0,1,3.0,D,H,Cremonese,0,2026-01-25,3.0
0,2.0,Atalanta,2,4,3.0,H,H,Parma,0,2026-01-25,3.0
1,2.0,Genoa,1,3,3.0,D,H,Bologna,2,2026-01-25,3.0
0,2.0,Juventus,1,3,3.0,H,H,Napoli,0,2026-01-25,3.0
0,2.0,Roma,0,1,3.0,D,D,Milan,1,2026-01-25,3.0
1,2.0,Verona,0,1,3.0,A,A,Udinese,3,2026-01-26,3.0
1,2.0,Lazio,1,3,3.0,D,H,Genoa,2,2026-01-30,3.0
1,2.0,Pisa,0,1,3.0,A,A,Sassuolo,3,2026-01-31,3.0
0,2.0,Napoli,1,2,3.0,H,H,Fiorentina,1,2026-01-31,3.0
0,2.0,Cagliari,2,4,3.0,H,H,Verona,0,2026-01-31,3.0
0,2.0,Torino,0,1,3.0,D,H,Lecce,0,2026-02-01,3.0
0,2.0,Como,0,0,3.0,D,D,Atalanta,0,2026-02-01,3.0
1,2.0,Cremonese,0,0,3.0,A,A,Inter,2,2026-02-01,3.0
2,2.0,Parma,0,1,3.0,A,A,Juventus,4,2026-02-01,3.0
0,2.0,Udinese,0,1,3.0,D,H,Roma,0,2026-02-02,3.0
1,2.0,Bologna,0,0,3.0,A,A,Milan,3,2026-02-03,3.0
0,2.0,Verona,0,0,3.0,D,D,Pisa,0,2026-02-06,3.0
1,2.0,Genoa,1,2,3.0,D,A,Napoli,3,2026-02-07,3.0
1,2.0,Fiorentina,1,2,3.0,D,D,Torino,2,2026-02-07,3.0
0,2.0,Bologna,0,0,3.0,D,A,Parma,1,2026-02-08,3.0
0,2.0,Lecce,1,2,3.0,H,H,Udinese,1,2026-02-08,3.0
2,2.0,Sassuolo,0,0,3.0,A,A,Inter,5,2026-02-08,3.0
1,2.0,Juventus,1,2,3.0,D,D,Lazio,2,2026-02-08,3.0
0,2.0,Atalanta,1,2,3.0,H,H,Cremonese,1,2026-02-09,3.0
0,2.0,Roma,1,2,3.0,H,H,Cagliari,0,2026-02-09,3.0
1,2.0,Pisa,0,1,3.0,A,A,Milan,2,2026-02-13,3.0
1,2.0,Como,0,1,3.0,A,A,Fiorentina,2,2026-02-14,3.0
1,2.0,Lazio,0,0,3.0,A,A,Atalanta,2,2026-02-14,3.0
1,2.0,Inter,1,3,3.0,D,H,Juventus,2,2026-02-14,3.0
1,2.0,Udinese,0,1,3.0,A,A,Sassuolo,2,2026-02-15,3.0
0,2.0,Parma,1,2,3.0,H,H,Verona,1,2026-02-15,3.0
0,2.0,Cremonese,0,0,3.0,D,D,Genoa,0,2026-02-15,3.0
1,2.0,Torino,0,1,3.0,A,A,Bologna,2,2026-02-15,3.0
1,2.0,Napoli,1,2,3.0,D,D,Roma,2,2026-02-15,3.0
1,2.0,Cagliari,0,0,3.0,A,A,Lecce,2,2026-02-16,3.0
0,2.0,Milan,0,1,3.0,D,D,Como,1,2026-02-18,3.0
0,2.0,Sassuolo,1,3,3.0,H,H,Verona,0,2026-02-20,3.0
1,2.0,Juventus,0,0,3.0,A,A,Como,2,2026-02-21,3.0
1,2.0,Lecce,0,0,3.0,A,A,Inter,2,2026-02-21,3.0
0,2.0,Cagliari,0,0,3.0,D,D,Lazio,0,2026-02-21,3.0
0,2.0,Genoa,1,3,3.0,H,H,Torino,0,2026-02-22,3.0
0,2.0,Atalanta,1,2,3.0,H,H,Napoli,1,2026-02-22,3.0
0,2.0,Milan,0,0,3.0,D,A,Parma,1,2026-02-22,3.0
0,2.0,Roma,1,3,3.0,H,H,Cremonese,0,2026-02-22,3.0
0,2.0,Fiorentina,0,1,3.0,D,H,Pisa,0,2026-02-23,3.0
0,2.0,Bologna,0,1,3.0,D,H,Udinese,0,2026-02-23,3.0
0,2.0,Parma,0,1,3.0,D,D,Cagliari,1,2026-02-27,3.0
0,2.0,Como,1,3,3.0,H,H,Lecce,1,2026-02-28,3.0
1,2.0,Verona,0,1,3.0,A,A,Napoli,2,2026-02-28,3.0
0,2.0,Inter,1,2,3.0,H,H,Genoa,0,2026-02-28,3.0
1,2.0,Cremonese,0,0,3.0,A,A,Milan,2,2026-03-01,3.0
0,2.0,Sassuolo,1,2,3.0,H,H,Atalanta,1,2026-03-01,3.0
0,2.0,Torino,1,2,3.0,H,H,Lazio,0,2026-03-01,3.0
1,2.0,Roma,1,3,3.0,D,D,Juventus,3,2026-03-01,3.0
0,2.0,Pisa,0,0,3.0,D,A,Bologna,1,2026-03-02,3.0
0,2.0,Udinese,1,3,3.0,H,H,Fiorentina,0,2026-03-02,3.0
0,2.0,Napoli,1,2,3.0,H,H,Torino,1,2026-03-06,3.0
1,2.0,Cagliari,0,1,3.0,A,A,Como,2,2026-03-07,3.0
1,2.0,Atalanta,1,2,3.0,D,D,Udinese,2,2026-03-07,3.0
0,2.0,Juventus,2,4,3.0,H,H,Pisa,0,2026-03-07,3.0
0,2.0,Lecce,1,2,3.0,H,H,Cremonese,1,2026-03-08,3.0
1,2.0,Bologna,0,1,3.0,A,A,Verona,2,2026-03-08,3.0
0,2.0,Fiorentina,0,0,3.0,D,D,Parma,0,2026-03-08,3.0
0,2.0,Genoa,1,2,3.0,H,H,Roma,1,2026-03-08,3.0
0,2.0,Milan,0,1,3.0,D,H,Inter,0,2026-03-08,3.0
0,2.0,Lazio,1,2,3.0,H,H,Sassuolo,1,2026-03-09,3.0
0,2.0,Torino,2,4,3.0,H,H,Parma,1,2026-03-13,3.0
0,2.0,Inter,0,1,3.0,D,D,Atalanta,1,2026-03-14,3.0
0,2.0,Napoli,1,2,3.0,H,H,Lecce,1,2026-03-14,3.0
0,2.0,Udinese,0,0,3.0,D,A,Juventus,1,2026-03-14,3.0
1,2.0,Verona,0,0,3.0,A,A,Genoa,2,2026-03-15,3.0
0,2.0,Pisa,1,3,3.0,H,H,Cagliari,1,2026-03-15,3.0
0,2.0,Sassuolo,0,0,3.0,D,A,Bologna,1,2026-03-15,3.0
0,2.0,Como,1,2,3.0,H,H,Roma,1,2026-03-15,3.0
0,2.0,Lazio,0,1,3.0,D,H,Milan,0,2026-03-15,3.0
2,2.0,Cremonese,0,1,3.0,A,A,Fiorentina,4,2026-03-16,3.0
0,2.0,Cagliari,0,0,3.0,D,A,Napoli,1,2026-03-20,3.0
1,2.0,Genoa,0,0,3.0,A,A,Udinese,2,2026-03-20,3.0
1,2.0,Parma,0,0,3.0,A,A,Cremonese,2,2026-03-21,3.0
1,2.0,Milan,1,3,3.0,D,H,Torino,2,2026-03-21,3.0
0,2.0,Juventus,0,1,3.0,D,D,Sassuolo,1,2026-03-21,3.0
0,2.0,Como,2,5,3.0,H,H,Pisa,0,2026-03-22,3.0
0,2.0,Atalanta,0,1,3.0,D,H,Verona,0,2026-03-22,3.0
1,2.0,Bologna,0,0,3.0,A,A,Lazio,2,2026-03-22,3.0
0,2.0,Roma,0,1,3.0,D,H,Lecce,0,2026-03-22,3.0
0,2.0,Fiorentina,0,1,3.0,D,D,Inter,1,2026-03-22,3.0
0,2.0,Sassuolo,1,2,3.0,H,H,Cagliari,1,2026-04-04,3.0
0,2.0,Verona,0,0,3.0,D,A,Fiorentina,1,2026-04-04,3.0
0,2.0,Lazio,0,1,3.0,D,D,Parma,1,2026-04-04,3.0
1,2.0,Cremonese,0,1,3.0,A,A,Bologna,2,2026-04-05,3.0
0,2.0,Pisa,0,0,3.0,D,A,Torino,1,2026-04-05,3.0
1,2.0,Inter,2,5,3.0,H,H,Roma,2,2026-04-05,3.0
0,2.0,Udinese,0,0,3.0,D,D,Como,0,2026-04-06,3.0
1,2.0,Lecce,0,0,3.0,A,A,Atalanta,3,2026-04-06,3.0
0,2.0,Juventus,1,2,3.0,H,H,Genoa,0,2026-04-06,3.0
0,2.0,Napoli,0,1,3.0,D,H,Milan,0,2026-04-06,3.0
0,2.0,Arsenal,0,0,3.0,D,D,Liverpool,0,2026-01-08,3.0
0,2.0,Man United,1,2,3.0,H,H,Man City,0,2026-01-17,3.0
0,2.0,Sunderland AFC,1,2,3.0,H,H,Crystal Palace,1,2026-01-17,3.0
0,2.0,Chelsea,1,2,3.0,H,H,Brentford,0,2026-01-17,3.0
0,2.0,Liverpool,0,1,3.0,D,D,Burnley,1,2026-01-17,3.0
0,2.0,Leeds United,0,1,3.0,D,H,Fulham,0,2026-01-17,3.0
1,2.0,Tottenham,0,1,3.0,A,A,West Ham,2,2026-01-17,3.0
0,2.0,Nottingham Forest,0,0,3.0,D,D,Arsenal,0,2026-01-17,3.0
0,2.0,Wolves,0,0,3.0,D,D,Newcastle,0,2026-01-18,3.0
0,2.0,Aston Villa,0,0,3.0,D,A,Everton,1,2026-01-18,3.0
0,2.0,Brighton,0,1,3.0,D,D,Bournemouth,1,2026-01-19,3.0
0,2.0,West Ham,1,3,3.0,H,H,Sunderland AFC,1,2026-01-24,3.0
1,2.0,Burnley,1,2,3.0,D,D,Tottenham,2,2026-01-24,3.0
0,2.0,Fulham,1,2,3.0,H,H,Brighton,1,2026-01-24,3.0
0,2.0,Man City,1,2,3.0,H,H,Wolves,0,2026-01-24,3.0
1,2.0,Bournemouth,1,3,3.0,D,H,Liverpool,2,2026-01-24,3.0
1,2.0,Crystal Palace,0,1,3.0,A,A,Chelsea,3,2026-01-25,3.0
1,2.0,Brentford,0,0,3.0,A,A,Nottingham Forest,2,2026-01-25,3.0
1,2.0,Newcastle,0,0,3.0,A,A,Aston Villa,2,2026-01-25,3.0
1,2.0,Arsenal,1,2,3.0,D,A,Man United,3,2026-01-25,3.0
0,2.0,Everton,0,1,3.0,D,D,Leeds United,1,2026-01-26,3.0
0,2.0,Brighton,0,1,3.0,D,D,Everton,1,2026-01-31,3.0
2,2.0,Leeds United,0,0,3.0,A,A,Arsenal,4,2026-01-31,3.0
1,2.0,Wolves,0,0,3.0,A,A,Bournemouth,2,2026-01-31,3.0
1,2.0,Chelsea,1,3,3.0,D,H,West Ham,2,2026-01-31,3.0
0,2.0,Liverpool,2,4,3.0,H,H,Newcastle,1,2026-01-31,3.0
0,2.0,Aston Villa,0,0,3.0,D,A,Brentford,1,2026-02-01,3.0
1,2.0,Man United,1,3,3.0,D,H,Fulham,2,2026-02-01,3.0
0,2.0,Nottingham Forest,0,1,3.0,D,D,Crystal Palace,1,2026-02-01,3.0
1,2.0,Tottenham,1,2,3.0,D,D,Man City,2,2026-02-01,3.0
0,2.0,Sunderland AFC,1,3,3.0,H,H,Burnley,0,2026-02-02,3.0
0,2.0,Leeds United,1,3,3.0,H,H,Nottingham Forest,1,2026-02-06,3.0
0,2.0,Man United,1,2,3.0,H,H,Tottenham,0,2026-02-07,3.0
0,2.0,Bournemouth,0,1,3.0,D,D,Aston Villa,1,2026-02-07,3.0
0,2.0,Arsenal,1,3,3.0,H,H,Sunderland AFC,0,2026-02-07,3.0
1,2.0,Burnley,0,0,3.0,A,A,West Ham,2,2026-02-07,3.0
1,2.0,Fulham,0,1,3.0,A,A,Everton,2,2026-02-07,3.0
1,2.0,Wolves,0,1,3.0,A,A,Chelsea,3,2026-02-07,3.0
1,2.0,Newcastle,1,2,3.0,D,A,Brentford,3,2026-02-07,3.0
0,2.0,Brighton,0,0,3.0,D,A,Crystal Palace,1,2026-02-08,3.0
1,2.0,Liverpool,0,1,3.0,A,A,Man City,2,2026-02-08,3.0
1,2.0,Chelsea,1,2,3.0,D,D,Leeds United,2,2026-02-10,3.0
1,2.0,Everton,0,1,3.0,A,A,Bournemouth,2,2026-02-10,3.0
1,2.0,Tottenham,0,1,3.0,A,A,Newcastle,2,2026-02-10,3.0
0,2.0,West Ham,0,1,3.0,D,D,Man United,1,2026-02-10,3.0
0,2.0,Aston Villa,0,1,3.0,D,H,Brighton,0,2026-02-11,3.0
0,2.0,Man City,1,3,3.0,H,H,Fulham,0,2026-02-11,3.0
0,2.0,Nottingham Forest,0,0,3.0,D,D,Wolves,0,2026-02-11,3.0
1,2.0,Crystal Palace,1,2,3.0,D,A,Burnley,3,2026-02-11,3.0
0,2.0,Sunderland AFC,0,0,3.0,D,A,Liverpool,1,2026-02-11,3.0
0,2.0,Brentford,0,1,3.0,D,D,Arsenal,1,2026-02-12,3.0
1,2.0,Wolves,1,2,3.0,D,D,Arsenal,2,2026-02-18,3.0
0,2.0,Aston Villa,0,1,3.0,D,D,Leeds United,1,2026-02-21,3.0
1,2.0,Brentford,0,0,3.0,A,A,Brighton,2,2026-02-21,3.0
0,2.0,Chelsea,0,1,3.0,D,D,Burnley,1,2026-02-21,3.0
0,2.0,West Ham,0,0,3.0,D,D,Bournemouth,0,2026-02-21,3.0
0,2.0,Man City,1,2,3.0,H,H,Newcastle,1,2026-02-21,3.0
1,2.0,Sunderland AFC,0,1,3.0,A,A,Fulham,3,2026-02-22,3.0
0,2.0,Crystal Palace,0,1,3.0,D,H,Wolves,0,2026-02-22,3.0
0,2.0,Nottingham Forest,0,0,3.0,D,A,Liverpool,1,2026-02-22,3.0
2,2.0,Tottenham,0,1,3.0,A,A,Arsenal,4,2026-02-22,3.0
0,2.0,Everton,0,0,3.0,D,A,Man United,1,2026-02-23,3.0
0,2.0,Wolves,1,2,3.0,H,H,Aston Villa,0,2026-02-27,3.0
0,2.0,Bournemouth,0,1,3.0,D,D,Sunderland AFC,1,2026-02-28,3.0
2,2.0,Burnley,1,3,3.0,A,A,Brentford,4,2026-02-28,3.0
1,2.0,Liverpool,2,5,3.0,H,H,West Ham,2,2026-02-28,3.0
1,2.0,Newcastle,1,2,3.0,D,A,Everton,3,2026-02-28,3.0
0,2.0,Leeds United,0,0,3.0,D,A,Man City,1,2026-02-28,3.0
0,2.0,Brighton,1,2,3.0,H,H,Nottingham Forest,1,2026-03-01,3.0
0,2.0,Fulham,1,2,3.0,H,H,Tottenham,1,2026-03-01,3.0
0,2.0,Man United,1,2,3.0,H,H,Crystal Palace,1,2026-03-01,3.0
0,2.0,Arsenal,1,2,3.0,H,H,Chelsea,1,2026-03-01,3.0
0,2.0,Bournemouth,0,0,3.0,D,D,Brentford,0,2026-03-03,3.0
0,2.0,Everton,1,2,3.0,H,H,Burnley,0,2026-03-03,3.0
0,2.0,Leeds United,0,0,3.0,D,A,Sunderland AFC,1,2026-03-03,3.0
0,2.0,Wolves,1,2,3.0,H,H,Liverpool,1,2026-03-03,3.0
2,2.0,Aston Villa,0,1,3.0,A,A,Chelsea,4,2026-03-04,3.0
0,2.0,Brighton,0,0,3.0,D,A,Arsenal,1,2026-03-04,3.0
0,2.0,Fulham,0,0,3.0,D,A,West Ham,1,2026-03-04,3.0
1,2.0,Man City,1,2,3.0,D,D,Nottingham Forest,2,2026-03-04,3.0
0,2.0,Newcastle,1,2,3.0,H,H,Man United,1,2026-03-04,3.0
1,2.0,Tottenham,0,1,3.0,A,A,Crystal Palace,3,2026-03-05,3.0
0,2.0,Sunderland AFC,0,0,3.0,D,A,Brighton,1,2026-03-14,3.0
0,2.0,Burnley,0,0,3.0,D,D,Bournemouth,0,2026-03-14,3.0
0,2.0,Arsenal,1,2,3.0,H,H,Everton,0,2026-03-14,3.0
0,2.0,Chelsea,0,0,3.0,D,A,Newcastle,1,2026-03-14,3.0
0,2.0,West Ham,0,1,3.0,D,D,Man City,1,2026-03-14,3.0
0,2.0,Crystal Palace,0,0,3.0,D,D,Leeds United,0,2026-03-15,3.0
0,2.0,Man United,1,3,3.0,H,H,Aston Villa,1,2026-03-15,3.0
0,2.0,Nottingham Forest,0,0,3.0,D,D,Fulham,0,2026-03-15,3.0
0,2.0,Liverpool,0,1,3.0,D,D,Tottenham,1,2026-03-15,3.0
1,2.0,Brentford,1,2,3.0,D,D,Wolves,2,2026-03-16,3.0
1,2.0,Bournemouth,1,2,3.0,D,D,Man United,2,2026-03-20,3.0
0,2.0,Leeds United,0,0,3.0,D,D,Brentford,0,2026-03-21,3.0
1,2.0,Newcastle,0,1,3.0,A,A,Sunderland AFC,2,2026-03-22,3.0
1,2.0,Tottenham,0,0,3.0,A,A,Nottingham Forest,3,2026-03-22,3.0
1,2.0,Getafe,0,1,3.0,A,A,Real Sociedad,2,2026-01-09,3.0
0,2.0,Real Oviedo,0,1,3.0,D,D,Betis,1,2026-01-10,3.0
0,2.0,Villarreal,1,3,3.0,H,H,Alaves,1,2026-01-10,3.0
0,2.0,Girona,0,1,3.0,D,H,Osasuna,0,2026-01-10,3.0
0,2.0,Valencia,0,1,3.0,D,D,Elche,1,2026-01-10,3.0
0,2.0,Rayo Vallecano,1,2,3.0,H,H,Mallorca,1,2026-01-11,3.0
0,2.0,Levante,0,1,3.0,D,D,Espanyol,1,2026-01-11,3.0
0,2.0,Siviglia,0,0,3.0,D,A,Celta Vigo,1,2026-01-12,3.0
1,2.0,Espanyol,0,0,3.0,A,A,Girona,2,2026-01-16,3.0
0,2.0,Real Madrid,1,2,3.0,H,H,Levante,0,2026-01-17,3.0
1,2.0,Mallorca,1,3,3.0,D,H,Athletic Bilbao,2,2026-01-17,3.0
1,2.0,Osasuna,1,3,3.0,D,H,Real Oviedo,2,2026-01-17,3.0
0,2.0,Betis,1,2,3.0,H,H,Villarreal,0,2026-01-17,3.0
0,2.0,Getafe,0,0,3.0,D,A,Valencia,1,2026-01-18,3.0
0,2.0,Atletico Madrid,0,1,3.0,D,H,Alaves,0,2026-01-18,3.0
0,2.0,Celta Vigo,1,3,3.0,H,H,Rayo Vallecano,0,2026-01-18,3.0
0,2.0,Real Sociedad,1,2,3.0,H,H,Barcelona,1,2026-01-18,3.0
1,2.0,Elche,1,2,3.0,D,D,Siviglia,2,2026-01-19,3.0
1,2.0,Levante,1,3,3.0,D,H,Elche,2,2026-01-23,3.0
1,2.0,Rayo Vallecano,0,1,3.0,A,A,Osasuna,3,2026-01-24,3.0
1,2.0,Valencia,1,3,3.0,D,H,Espanyol,2,2026-01-24,3.0
0,2.0,Siviglia,1,2,3.0,H,H,Athletic Bilbao,1,2026-01-24,3.0
1,2.0,Villarreal,0,0,3.0,A,A,Real Madrid,2,2026-01-24,3.0
0,2.0,Atletico Madrid,1,3,3.0,H,H,Mallorca,0,2026-01-25,3.0
0,2.0,Barcelona,1,3,3.0,H,H,Real Oviedo,0,2026-01-25,3.0
0,2.0,Real Sociedad,1,3,3.0,H,H,Celta Vigo,1,2026-01-25,3.0
0,2.0,Alaves,1,2,3.0,H,H,Betis,1,2026-01-25,3.0
0,2.0,Girona,0,1,3.0,D,D,Getafe,1,2026-01-26,3.0
1,2.0,Espanyol,0,1,3.0,A,A,Alaves,2,2026-01-30,3.0
0,2.0,Real Oviedo,0,1,3.0,D,H,Girona,0,2026-01-31,3.0
1,2.0,Osasuna,1,2,3.0,D,D,Villarreal,2,2026-01-31,3.0
0,2.0,Levante,0,0,3.0,D,D,Atletico Madrid,0,2026-01-31,3.0
1,2.0,Elche,0,1,3.0,A,A,Barcelona,3,2026-01-31,3.0
0,2.0,Real Madrid,1,2,3.0,H,H,Rayo Vallecano,1,2026-02-01,3.0
0,2.0,Betis,1,2,3.0,H,H,Valencia,1,2026-02-01,3.0
0,2.0,Getafe,0,0,3.0,D,D,Celta Vigo,0,2026-02-01,3.0
0,2.0,Athletic Bilbao,0,1,3.0,D,D,Real Sociedad,1,2026-02-01,3.0
0,2.0,Mallorca,2,4,3.0,H,H,Siviglia,1,2026-02-02,3.0
1,2.0,Celta Vigo,0,1,3.0,A,A,Osasuna,2,2026-02-06,3.0
0,2.0,Barcelona,1,3,3.0,H,H,Mallorca,0,2026-02-07,3.0
0,2.0,Real Sociedad,1,3,3.0,H,H,Elche,1,2026-02-07,3.0
1,2.0,Alaves,0,0,3.0,A,A,Getafe,2,2026-02-08,3.0
1,2.0,Athletic Bilbao,2,4,3.0,H,H,Levante,2,2026-02-08,3.0
0,2.0,Siviglia,0,1,3.0,D,D,Girona,1,2026-02-08,3.0
0,2.0,Atletico Madrid,0,0,3.0,D,A,Betis,1,2026-02-08,3.0
1,2.0,Valencia,0,0,3.0,A,A,Real Madrid,2,2026-02-08,3.0
0,2.0,Villarreal,2,4,3.0,H,H,Espanyol,1,2026-02-09,3.0
0,2.0,Elche,0,0,3.0,D,D,Osasuna,0,2026-02-13,3.0
1,2.0,Espanyol,1,2,3.0,D,D,Celta Vigo,2,2026-02-14,3.0
0,2.0,Getafe,1,2,3.0,H,H,Villarreal,1,2026-02-14,3.0
0,2.0,Siviglia,0,1,3.0,D,D,Alaves,1,2026-02-14,3.0
0,2.0,Real Madrid,2,4,3.0,H,H,Real Sociedad,1,2026-02-14,3.0
1,2.0,Real Oviedo,0,1,3.0,A,A,Athletic Bilbao,2,2026-02-15,3.0
0,2.0,Rayo Vallecano,1,3,3.0,H,H,Atletico Madrid,0,2026-02-15,3.0
1,2.0,Levante,0,0,3.0,A,A,Valencia,2,2026-02-15,3.0
1,2.0,Mallorca,0,1,3.0,A,A,Betis,2,2026-02-15,3.0
0,2.0,Girona,1,2,3.0,H,H,Barcelona,1,2026-02-16,3.0
0,2.0,Levante,0,0,3.0,D,A,Villarreal,1,2026-02-18,3.0
0,2.0,Athletic Bilbao,1,2,3.0,H,H,Elche,1,2026-02-20,3.0
1,2.0,Real Sociedad,1,3,3.0,D,D,Real Oviedo,3,2026-02-21,3.0
0,2.0,Betis,0,1,3.0,D,D,Rayo Vallecano,1,2026-02-21,3.0
0,2.0,Osasuna,1,2,3.0,H,H,Real Madrid,1,2026-02-21,3.0
1,2.0,Atletico Madrid,2,4,3.0,H,H,Espanyol,2,2026-02-21,3.0
0,2.0,Getafe,0,0,3.0,D,A,Siviglia,1,2026-02-22,3.0
0,2.0,Barcelona,1,3,3.0,H,H,Levante,0,2026-02-22,3.0
0,2.0,Celta Vigo,1,2,3.0,H,H,Mallorca,0,2026-02-22,3.0
0,2.0,Villarreal,1,2,3.0,H,H,Valencia,1,2026-02-22,3.0
1,2.0,Alaves,1,2,3.0,D,D,Girona,2,2026-02-23,3.0
0,2.0,Levante,1,2,3.0,H,H,Alaves,0,2026-02-27,3.0
0,2.0,Rayo Vallecano,0,1,3.0,D,D,Athletic Bilbao,1,2026-02-28,3.0
0,2.0,Barcelona,2,4,3.0,H,H,Villarreal,1,2026-02-28,3.0
0,2.0,Mallorca,0,0,3.0,D,A,Real Sociedad,1,2026-02-28,3.0
0,2.0,Real Oviedo,0,0,3.0,D,A,Atletico Madrid,1,2026-02-28,3.0
1,2.0,Elche,1,2,3.0,D,D,Espanyol,2,2026-03-01,3.0
0,2.0,Valencia,0,1,3.0,D,H,Osasuna,0,2026-03-01,3.0
1,2.0,Betis,1,2,3.0,D,D,Siviglia,2,2026-03-01,3.0
1,2.0,Girona,0,1,3.0,A,A,Celta Vigo,2,2026-03-01,3.0
0,2.0,Real Madrid,0,0,3.0,D,A,Getafe,1,2026-03-02,3.0
0,2.0,Rayo Vallecano,1,3,3.0,H,H,Real Oviedo,0,2026-03-04,3.0
1,2.0,Celta Vigo,0,1,3.0,A,A,Real Madrid,2,2026-03-06,3.0
1,2.0,Osasuna,1,2,3.0,D,D,Mallorca,2,2026-03-07,3.0
0,2.0,Levante,0,1,3.0,D,D,Girona,1,2026-03-07,3.0
1,2.0,Atletico Madrid,1,3,3.0,D,H,Real Sociedad,2,2026-03-07,3.0
0,2.0,Athletic Bilbao,0,0,3.0,D,A,Barcelona,1,2026-03-07,3.0
0,2.0,Villarreal,1,2,3.0,H,H,Elche,1,2026-03-08,3.0
0,2.0,Getafe,1,2,3.0,H,H,Betis,0,2026-03-08,3.0
0,2.0,Siviglia,0,1,3.0,D,D,Rayo Vallecano,1,2026-03-08,3.0
1,2.0,Valencia,1,3,3.0,D,H,Alaves,2,2026-03-08,3.0
0,2.0,Espanyol,0,1,3.0,D,D,Real Oviedo,1,2026-03-09,3.0
0,2.0,Alaves,0,1,3.0,D,D,Villarreal,1,2026-03-13,3.0
0,2.0,Girona,1,3,3.0,H,H,Athletic Bilbao,0,2026-03-14,3.0
0,2.0,Atletico Madrid,0,1,3.0,D,H,Getafe,0,2026-03-14,3.0
0,2.0,Real Oviedo,0,1,3.0,D,H,Valencia,0,2026-03-14,3.0
0,2.0,Real Madrid,2,4,3.0,H,H,Elche,1,2026-03-14,3.0
0,2.0,Mallorca,1,2,3.0,H,H,Espanyol,1,2026-03-15,3.0
1,2.0,Barcelona,2,5,3.0,H,H,Siviglia,2,2026-03-15,3.0
0,2.0,Betis,0,1,3.0,D,D,Celta Vigo,1,2026-03-15,3.0
0,2.0,Real Sociedad,1,3,3.0,H,H,Osasuna,1,2026-03-15,3.0
0,2.0,Rayo Vallecano,0,1,3.0,D,D,Levante,1,2026-03-16,3.0
0,2.0,Villarreal,1,3,3.0,H,H,Real Sociedad,1,2026-03-20,3.0
0,2.0,Girona,0,1,3.0,D,H,Villarreal,0,2026-04-06,3.0
1,2.0,Eintracht Francoforte,1,3,3.0,D,D,Dortmund,3,2026-01-09,3.0
0,2.0,Friburgo,1,2,3.0,H,H,Amburgo,1,2026-01-10,3.0
1,2.0,Union Berlin,1,2,3.0,D,D,Mainz,2,2026-01-10,3.0
1,2.0,Heidenheim,1,2,3.0,D,D,Koln,2,2026-01-10,3.0
2,2.0,Leverkusen,0,1,3.0,A,A,Stoccarda,4,2026-01-10,3.0
0,2.0,Gladbach,2,4,3.0,H,H,Augsburg,0,2026-01-11,3.0
0,2.0,Bayern Monaco,4,8,3.0,H,H,Wolfsburg,1,2026-01-11,3.0
1,2.0,Stoccarda,1,3,3.0,D,H,Eintracht Francoforte,2,2026-01-13,3.0
0,2.0,Dortmund,1,3,3.0,H,H,Werder Bremen,0,2026-01-13,3.0
0,2.0,Mainz,1,2,3.0,H,H,Heidenheim,1,2026-01-13,3.0
0,2.0,Wolfsburg,1,2,3.0,H,H,Pauli,1,2026-01-14,3.0
0,2.0,Lipsia,1,2,3.0,H,H,Friburgo,0,2026-01-14,3.0
0,2.0,Hoffenheim,2,5,3.0,H,H,Gladbach,1,2026-01-14,3.0
1,2.0,Koln,0,1,3.0,A,A,Bayern Monaco,3,2026-01-14,3.0
0,2.0,Augsburg,0,1,3.0,D,D,Union Berlin,1,2026-01-15,3.0
1,2.0,Werder Bremen,1,3,3.0,D,D,Eintracht Francoforte,3,2026-01-16,3.0
0,2.0,Hoffenheim,0,1,3.0,D,H,Leverkusen,0,2026-01-17,3.0
0,2.0,Koln,1,2,3.0,H,H,Mainz,1,2026-01-17,3.0
0,2.0,Amburgo,0,0,3.0,D,D,Gladbach,0,2026-01-17,3.0
1,2.0,Dortmund,1,3,3.0,D,H,Pauli,2,2026-01-17,3.0
0,2.0,Wolfsburg,0,1,3.0,D,D,Heidenheim,1,2026-01-17,3.0
2,2.0,Lipsia,0,1,3.0,A,A,Bayern Monaco,5,2026-01-17,3.0
0,2.0,Stoccarda,0,1,3.0,D,D,Union Berlin,1,2026-01-18,3.0
1,2.0,Augsburg,1,2,3.0,D,D,Friburgo,2,2026-01-18,3.0
0,2.0,Pauli,0,0,3.0,D,D,Amburgo,0,2026-01-23,3.0
1,2.0,Heidenheim,0,0,3.0,A,A,Lipsia,3,2026-01-24,3.0
0,2.0,Leverkusen,0,1,3.0,D,H,Werder Bremen,0,2026-01-24,3.0
0,2.0,Mainz,1,3,3.0,H,H,Wolfsburg,1,2026-01-24,3.0
1,2.0,Bayern Monaco,0,1,3.0,A,A,Augsburg,2,2026-01-24,3.0
1,2.0,Eintracht Francoforte,0,1,3.0,A,A,Hoffenheim,3,2026-01-24,3.0
1,2.0,Union Berlin,0,0,3.0,A,A,Dortmund,3,2026-01-24,3.0
1,2.0,Gladbach,0,0,3.0,A,A,Stoccarda,3,2026-01-25,3.0
0,2.0,Friburgo,1,2,3.0,H,H,Koln,1,2026-01-25,3.0
1,2.0,Werder Bremen,0,0,3.0,A,A,Hoffenheim,2,2026-01-27,3.0
0,2.0,Pauli,0,1,3.0,D,D,Lipsia,1,2026-01-27,3.0
0,2.0,Koln,0,1,3.0,D,H,Wolfsburg,0,2026-01-30,3.0
1,2.0,Eintracht Francoforte,0,1,3.0,A,A,Leverkusen,3,2026-01-31,3.0
1,2.0,Lipsia,0,1,3.0,A,A,Mainz,2,2026-01-31,3.0
0,2.0,Werder Bremen,0,1,3.0,D,D,Gladbach,1,2026-01-31,3.0
0,2.0,Hoffenheim,1,3,3.0,H,H,Union Berlin,1,2026-01-31,3.0
0,2.0,Augsburg,1,2,3.0,H,H,Pauli,1,2026-01-31,3.0
1,2.0,Amburgo,1,2,3.0,D,D,Bayern Monaco,2,2026-01-31,3.0
0,2.0,Stoccarda,0,1,3.0,D,H,Friburgo,0,2026-02-01,3.0
1,2.0,Dortmund,1,3,3.0,D,H,Heidenheim,2,2026-02-01,3.0
0,2.0,Union Berlin,0,1,3.0,D,D,Eintracht Francoforte,1,2026-02-06,3.0
1,2.0,Wolfsburg,0,1,3.0,A,A,Dortmund,2,2026-02-07,3.0
0,2.0,Friburgo,0,1,3.0,D,H,Werder Bremen,0,2026-02-07,3.0
0,2.0,Pauli,1,2,3.0,H,H,Stoccarda,1,2026-02-07,3.0
0,2.0,Mainz,1,2,3.0,H,H,Augsburg,0,2026-02-07,3.0
1,2.0,Heidenheim,0,0,3.0,A,A,Amburgo,2,2026-02-07,3.0
0,2.0,Gladbach,0,1,3.0,D,D,Leverkusen,1,2026-02-07,3.0
1,2.0,Koln,0,1,3.0,A,A,Lipsia,2,2026-02-08,3.0
0,2.0,Bayern Monaco,2,5,3.0,H,H,Hoffenheim,1,2026-02-08,3.0
0,2.0,Dortmund,2,4,3.0,H,H,Mainz,0,2026-02-13,3.0
1,2.0,Werder Bremen,0,0,3.0,A,A,Bayern Monaco,3,2026-02-14,3.0
0,2.0,Hoffenheim,1,3,3.0,H,H,Friburgo,0,2026-02-14,3.0
0,2.0,Eintracht Francoforte,1,3,3.0,H,H,Gladbach,0,2026-02-14,3.0
1,2.0,Amburgo,1,3,3.0,D,H,Union Berlin,2,2026-02-14,3.0
0,2.0,Leverkusen,2,4,3.0,H,H,Pauli,0,2026-02-14,3.0
0,2.0,Stoccarda,1,3,3.0,H,H,Koln,1,2026-02-14,3.0
0,2.0,Augsburg,0,1,3.0,D,H,Heidenheim,0,2026-02-15,3.0
1,2.0,Lipsia,1,2,3.0,D,D,Wolfsburg,2,2026-02-15,3.0
0,2.0,Mainz,0,1,3.0,D,D,Amburgo,1,2026-02-20,3.0
0,2.0,Union Berlin,0,1,3.0,D,H,Leverkusen,0,2026-02-21,3.0
1,2.0,Bayern Monaco,1,3,3.0,D,H,Eintracht Francoforte,2,2026-02-21,3.0
1,2.0,Wolfsburg,1,2,3.0,D,A,Augsburg,3,2026-02-21,3.0
1,2.0,Koln,1,2,3.0,D,D,Hoffenheim,2,2026-02-21,3.0
1,2.0,Lipsia,1,2,3.0,D,D,Dortmund,2,2026-02-21,3.0
0,2.0,Friburgo,1,2,3.0,H,H,Gladbach,1,2026-02-22,3.0
0,2.0,Pauli,1,2,3.0,H,H,Werder Bremen,1,2026-02-22,3.0
1,2.0,Heidenheim,1,3,3.0,D,D,Stoccarda,3,2026-02-22,3.0
0,2.0,Augsburg,1,2,3.0,H,H,Koln,0,2026-02-27,3.0
0,2.0,Leverkusen,0,1,3.0,D,D,Mainz,1,2026-02-28,3.0
0,2.0,Gladbach,0,1,3.0,D,H,Union Berlin,0,2026-02-28,3.0
0,2.0,Hoffenheim,0,0,3.0,D,A,Pauli,1,2026-02-28,3.0
0,2.0,Werder Bremen,1,2,3.0,H,H,Heidenheim,0,2026-02-28,3.0
1,2.0,Dortmund,1,2,3.0,D,A,Bayern Monaco,3,2026-02-28,3.0
0,2.0,Stoccarda,2,4,3.0,H,H,Wolfsburg,0,2026-03-01,3.0
0,2.0,Eintracht Francoforte,1,2,3.0,H,H,Friburgo,0,2026-03-01,3.0
1,2.0,Amburgo,0,1,3.0,A,A,Lipsia,2,2026-03-01,3.0
0,2.0,Amburgo,0,0,3.0,D,A,Leverkusen,1,2026-03-04,3.0
0,2.0,Bayern Monaco,2,4,3.0,H,H,Gladbach,1,2026-03-06,3.0
1,2.0,Friburgo,1,3,3.0,D,D,Leverkusen,3,2026-03-07,3.0
1,2.0,Mainz,1,2,3.0,D,D,Stoccarda,2,2026-03-07,3.0
0,2.0,Lipsia,1,2,3.0,H,H,Augsburg,1,2026-03-07,3.0
2,2.0,Heidenheim,1,2,3.0,A,A,Hoffenheim,4,2026-03-07,3.0
1,2.0,Wolfsburg,0,1,3.0,A,A,Amburgo,2,2026-03-07,3.0
1,2.0,Koln,0,1,3.0,A,A,Dortmund,2,2026-03-07,3.0
0,2.0,Pauli,0,0,3.0,D,D,Eintracht Francoforte,0,2026-03-08,3.0
2,2.0,Union Berlin,0,1,3.0,A,A,Werder Bremen,4,2026-03-08,3.0
0,2.0,Gladbach,1,2,3.0,H,H,Pauli,0,2026-03-13,3.0
0,2.0,Leverkusen,0,1,3.0,D,D,Bayern Monaco,1,2026-03-14,3.0
0,2.0,Hoffenheim,0,1,3.0,D,D,Wolfsburg,1,2026-03-14,3.0
0,2.0,Dortmund,1,2,3.0,H,H,Augsburg,0,2026-03-14,3.0
0,2.0,Eintracht Francoforte,0,1,3.0,D,H,Heidenheim,0,2026-03-14,3.0
0,2.0,Amburgo,0,1,3.0,D,D,Koln,1,2026-03-14,3.0
1,2.0,Werder Bremen,0,0,3.0,A,A,Mainz,2,2026-03-15,3.0
0,2.0,Friburgo,0,0,3.0,D,A,Union Berlin,1,2026-03-15,3.0
0,2.0,Stoccarda,0,1,3.0,D,H,Lipsia,0,2026-03-15,3.0
0,2.0,Lipsia,2,5,3.0,H,H,Hoffenheim,0,2026-03-20,3.0
1,2.0,Koln,1,3,3.0,D,D,Gladbach,3,2026-03-21,3.0
0,2.0,Bayern Monaco,2,4,3.0,H,H,Union Berlin,0,2026-03-21,3.0
1,2.0,Friburgo,1,2,3.0,D,A,Bayern Monaco,3,2026-04-04,3.0
1,2.0,Gladbach,1,2,3.0,D,D,Heidenheim,2,2026-04-04,3.0
0,2.0,Union Berlin,0,1,3.0,D,D,Pauli,1,2026-04-05,3.0
1,2.0,Eintracht Francoforte,1,2,3.0,D,D,Koln,2,2026-04-05,3.0
1,2.0,Monaco,0,1,3.0,A,A,Lorient,3,2026-01-16,3.0
0,2.0,PSG,1,3,3.0,H,H,Lille,0,2026-01-16,3.0
0,2.0,Lens,0,1,3.0,D,H,Auxerre,0,2026-01-17,3.0
0,2.0,Toulouse,2,5,3.0,H,H,Nizza,1,2026-01-17,3.0
2,2.0,Angers,1,2,3.0,A,A,Marsiglia,5,2026-01-17,3.0
0,2.0,Strasbourg,1,2,3.0,H,H,Metz,1,2026-01-18,3.0
1,2.0,Nantes,0,1,3.0,A,A,Paris FC,2,2026-01-18,3.0
0,2.0,Rennes,0,1,3.0,D,D,Le Havre,1,2026-01-18,3.0
0,2.0,Lione,1,2,3.0,H,H,Brest,1,2026-01-18,3.0
0,2.0,Auxerre,0,0,3.0,D,A,PSG,1,2026-01-23,3.0
1,2.0,Rennes,0,0,3.0,A,A,Lorient,2,2026-01-24,3.0
0,2.0,Le Havre,0,0,3.0,D,D,Monaco,0,2026-01-24,3.0
0,2.0,Marsiglia,1,3,3.0,H,H,Lens,1,2026-01-24,3.0
2,2.0,Nantes,0,1,3.0,A,A,Nizza,4,2026-01-25,3.0
2,2.0,Metz,1,2,3.0,A,A,Lione,5,2026-01-25,3.0
0,2.0,Paris FC,0,0,3.0,D,D,Angers,0,2026-01-25,3.0
1,2.0,Brest,0,0,3.0,A,A,Toulouse,2,2026-01-25,3.0
2,2.0,Lille,0,1,3.0,A,A,Strasbourg,4,2026-01-25,3.0
0,2.0,Lens,0,1,3.0,D,H,Le Havre,0,2026-01-30,3.0
1,2.0,Paris FC,1,2,3.0,D,D,Marsiglia,2,2026-01-31,3.0
0,2.0,Lorient,1,2,3.0,H,H,Nantes,1,2026-01-31,3.0
0,2.0,Monaco,2,4,3.0,H,H,Rennes,0,2026-01-31,3.0
0,2.0,Lione,0,1,3.0,D,H,Lille,0,2026-02-01,3.0
0,2.0,Toulouse,0,0,3.0,D,D,Auxerre,0,2026-02-01,3.0
1,2.0,Nizza,1,2,3.0,D,D,Brest,2,2026-02-01,3.0
0,2.0,Angers,0,1,3.0,D,H,Metz,0,2026-02-01,3.0
1,2.0,Strasbourg,0,1,3.0,A,A,PSG,2,2026-02-01,3.0
0,2.0,Metz,0,0,3.0,D,D,Lille,0,2026-02-06,3.0
0,2.0,Lens,1,3,3.0,H,H,Rennes,1,2026-02-07,3.0
0,2.0,Brest,1,2,3.0,H,H,Lorient,0,2026-02-07,3.0
0,2.0,Nantes,0,0,3.0,D,A,Lione,1,2026-02-07,3.0
0,2.0,Nizza,0,0,3.0,D,D,Monaco,0,2026-02-08,3.0
0,2.0,Le Havre,1,2,3.0,H,H,Strasbourg,1,2026-02-08,3.0
0,2.0,Auxerre,0,0,3.0,D,D,Paris FC,0,2026-02-08,3.0
0,2.0,Angers,0,1,3.0,D,H,Toulouse,0,2026-02-08,3.0
0,2.0,PSG,2,5,3.0,H,H,Marsiglia,0,2026-02-08,3.0
0,2.0,Rennes,1,3,3.0,H,H,PSG,1,2026-02-13,3.0
0,2.0,Monaco,1,3,3.0,H,H,Nantes,1,2026-02-13,3.0
1,2.0,Marsiglia,1,2,3.0,D,D,Strasbourg,2,2026-02-14,3.0
0,2.0,Lille,0,1,3.0,D,D,Brest,1,2026-02-14,3.0
2,2.0,Paris FC,0,0,3.0,A,A,Lens,5,2026-02-14,3.0
0,2.0,Le Havre,1,2,3.0,H,H,Toulouse,1,2026-02-15,3.0
0,2.0,Lorient,1,2,3.0,H,H,Angers,0,2026-02-15,3.0
1,2.0,Metz,0,1,3.0,A,A,Auxerre,3,2026-02-15,3.0
0,2.0,Lione,1,2,3.0,H,H,Nizza,0,2026-02-15,3.0
0,2.0,Brest,1,2,3.0,H,H,Marsiglia,0,2026-02-20,3.0
1,2.0,Lens,1,2,3.0,D,A,Monaco,3,2026-02-21,3.0
0,2.0,Toulouse,0,1,3.0,D,D,Paris FC,1,2026-02-21,3.0
0,2.0,PSG,1,3,3.0,H,H,Metz,0,2026-02-21,3.0
1,2.0,Auxerre,0,0,3.0,A,A,Rennes,3,2026-02-22,3.0
0,2.0,Nantes,1,2,3.0,H,H,Le Havre,0,2026-02-22,3.0
1,2.0,Nizza,1,3,3.0,D,D,Lorient,3,2026-02-22,3.0
0,2.0,Angers,0,0,3.0,D,A,Lille,1,2026-02-22,3.0
0,2.0,Strasbourg,1,3,3.0,H,H,Lione,1,2026-02-22,3.0
0,2.0,Strasbourg,0,1,3.0,D,D,Lens,1,2026-02-27,3.0
0,2.0,Rennes,0,1,3.0,D,H,Toulouse,0,2026-02-28,3.0
0,2.0,Monaco,1,2,3.0,H,H,Angers,0,2026-02-28,3.0
0,2.0,Le Havre,0,0,3.0,D,A,PSG,1,2026-02-28,3.0
0,2.0,Paris FC,0,1,3.0,D,H,Nizza,0,2026-03-01,3.0
1,2.0,Lorient,1,2,3.0,D,D,Auxerre,2,2026-03-01,3.0
0,2.0,Metz,0,0,3.0,D,A,Brest,1,2026-03-01,3.0
0,2.0,Lille,0,1,3.0,D,H,Nantes,0,2026-03-01,3.0
1,2.0,Marsiglia,1,3,3.0,D,H,Lione,2,2026-03-01,3.0
1,2.0,PSG,0,1,3.0,A,A,Monaco,3,2026-03-06,3.0
0,2.0,Nantes,0,0,3.0,D,A,Angers,1,2026-03-07,3.0
0,2.0,Auxerre,0,0,3.0,D,D,Strasbourg,0,2026-03-07,3.0
0,2.0,Toulouse,0,0,3.0,D,A,Marsiglia,1,2026-03-07,3.0
0,2.0,Lens,1,3,3.0,H,H,Metz,0,2026-03-08,3.0
2,2.0,Nizza,0,0,3.0,A,A,Rennes,4,2026-03-08,3.0
0,2.0,Lille,0,1,3.0,D,D,Lorient,1,2026-03-08,3.0
0,2.0,Brest,1,2,3.0,H,H,Le Havre,0,2026-03-08,3.0
0,2.0,Lione,0,1,3.0,D,D,Paris FC,1,2026-03-08,3.0
0,2.0,Marsiglia,0,1,3.0,D,H,Auxerre,0,2026-03-13,3.0
0,2.0,Lorient,1,2,3.0,H,H,Lens,1,2026-03-14,3.0
1,2.0,Angers,0,0,3.0,A,A,Nizza,2,2026-03-14,3.0
0,2.0,Monaco,1,2,3.0,H,H,Brest,0,2026-03-14,3.0
0,2.0,Strasbourg,0,0,3.0,D,D,Paris FC,0,2026-03-15,3.0
0,2.0,Le Havre,0,0,3.0,D,D,Lione,0,2026-03-15,3.0
2,2.0,Metz,1,3,3.0,A,A,Toulouse,4,2026-03-15,3.0
1,2.0,Rennes,0,1,3.0,A,A,Lille,2,2026-03-15,3.0
0,2.0,Lens,2,5,3.0,H,H,Angers,1,2026-03-20,3.0
0,2.0,Toulouse,0,1,3.0,D,H,Lorient,0,2026-03-21,3.0
0,2.0,PSG,1,3,3.0,H,H,Toulouse,1,2026-04-03,3.0
0,2.0,Lorient,0,1,3.0,D,D,Paris FC,1,2026-04-05,3.0
2,2.0,FK Kairat,0,1,3.0,A,A,Club Brugge,4,2026-01-20,3.0
0,2.0,FK Bodø/Glimt,1,3,3.0,H,H,Man City,1,2026-01-20,3.0
0,2.0,Tottenham,1,2,3.0,H,H,Dortmund,0,2026-01-20,3.0
0,2.0,Sporting CP,1,2,3.0,H,H,PSG,1,2026-01-20,3.0
0,2.0,PAE Olympiakos SFP,1,2,3.0,H,H,Leverkusen,0,2026-01-20,3.0
1,2.0,Villarreal,0,1,3.0,A,A,AFC Ajax,2,2026-01-20,3.0
0,2.0,FC København,0,1,3.0,D,D,Napoli,1,2026-01-20,3.0
0,2.0,Real Madrid,3,6,3.0,H,H,Monaco,1,2026-01-20,3.0
1,2.0,Inter,0,1,3.0,A,A,Arsenal,3,2026-01-20,3.0
1,2.0,Qarabağ Ağdam FK,1,3,3.0,D,H,Eintracht Francoforte,2,2026-01-21,3.0
0,2.0,Galatasaray SK,0,1,3.0,D,D,Atletico Madrid,1,2026-01-21,3.0
1,2.0,Marsiglia,0,0,3.0,A,A,Liverpool,3,2026-01-21,3.0
2,2.0,SK Slavia Praha,1,2,3.0,A,A,Barcelona,4,2026-01-21,3.0
1,2.0,Atalanta,1,2,3.0,D,A,Athletic Bilbao,3,2026-01-21,3.0
0,2.0,Juventus,1,2,3.0,H,H,Benfica,0,2026-01-21,3.0
0,2.0,Newcastle,1,3,3.0,H,H,PSV,0,2026-01-21,3.0
0,2.0,Bayern Monaco,1,2,3.0,H,H,Royale Union Saint-Gilloise,0,2026-01-21,3.0
0,2.0,Chelsea,0,1,3.0,D,H,Paphos,0,2026-01-21,3.0
0,2.0,Liverpool,3,6,3.0,H,H,Qarabağ Ağdam FK,0,2026-01-28,3.0
0,2.0,Barcelona,2,4,3.0,H,H,FC København,1,2026-01-28,3.0
0,2.0,Man City,1,2,3.0,H,H,Galatasaray SK,0,2026-01-28,3.0
0,2.0,Leverkusen,1,3,3.0,H,H,Villarreal,0,2026-01-28,3.0
1,2.0,Arsenal,1,3,3.0,D,H,FK Kairat,2,2026-01-28,3.0
0,2.0,Royale Union Saint-Gilloise,0,1,3.0,D,H,Atalanta,0,2026-01-28,3.0
0,2.0,Club Brugge,1,3,3.0,H,H,Marsiglia,0,2026-01-28,3.0
1,2.0,Eintracht Francoforte,0,0,3.0,A,A,Tottenham,2,2026-01-28,3.0
0,2.0,Monaco,0,0,3.0,D,D,Juventus,0,2026-01-28,3.0
1,2.0,Atletico Madrid,0,1,3.0,A,A,FK Bodø/Glimt,2,2026-01-28,3.0
1,2.0,Athletic Bilbao,1,2,3.0,D,A,Sporting CP,3,2026-01-28,3.0
1,2.0,AFC Ajax,0,1,3.0,A,A,PAE Olympiakos SFP,2,2026-01-28,3.0
0,2.0,PSG,0,1,3.0,D,D,Newcastle,1,2026-01-28,3.0
0,2.0,Paphos,2,4,3.0,H,H,SK Slavia Praha,1,2026-01-28,3.0
1,2.0,PSV,0,1,3.0,A,A,Bayern Monaco,2,2026-01-28,3.0
1,2.0,Napoli,1,2,3.0,D,A,Chelsea,3,2026-01-28,3.0
1,2.0,Benfica,2,4,3.0,H,H,Real Madrid,2,2026-01-28,3.0
1,2.0,Dortmund,0,0,3.0,A,A,Inter,2,2026-01-28,3.0
1,2.0,Galatasaray SK,2,5,3.0,H,H,Juventus,2,2026-02-17,3.0
0,2.0,Benfica,0,0,3.0,D,A,Real Madrid,1,2026-02-17,3.0
1,2.0,Monaco,1,2,3.0,D,A,PSG,3,2026-02-17,3.0
0,2.0,Dortmund,1,2,3.0,H,H,Atalanta,0,2026-02-17,3.0
3,2.0,Qarabağ Ağdam FK,0,1,3.0,A,A,Newcastle,6,2026-02-18,3.0
1,2.0,Club Brugge,1,3,3.0,D,D,Atletico Madrid,3,2026-02-18,3.0
1,2.0,PAE Olympiakos SFP,0,0,3.0,A,A,Leverkusen,2,2026-02-18,3.0
0,2.0,FK Bodø/Glimt,1,3,3.0,H,H,Inter,1,2026-02-18,3.0
0,2.0,Atletico Madrid,2,4,3.0,H,H,Club Brugge,1,2026-02-24,3.0
1,2.0,Newcastle,1,3,3.0,D,H,Qarabağ Ağdam FK,2,2026-02-24,3.0
0,2.0,Leverkusen,0,0,3.0,D,D,PAE Olympiakos SFP,0,2026-02-24,3.0
1,2.0,Inter,0,1,3.0,A,A,FK Bodø/Glimt,2,2026-02-24,3.0
0,2.0,Atalanta,2,4,3.0,H,H,Dortmund,1,2026-02-25,3.0
0,2.0,Real Madrid,1,2,3.0,H,H,Benfica,1,2026-02-25,3.0
1,2.0,PSG,1,2,3.0,D,D,Monaco,2,2026-02-25,3.0
1,2.0,Juventus,1,3,3.0,D,H,Galatasaray SK,2,2026-02-25,3.0
0,2.0,Galatasaray SK,0,1,3.0,D,H,Liverpool,0,2026-03-10,3.0
3,2.0,Atalanta,0,1,3.0,A,A,Bayern Monaco,6,2026-03-10,3.0
0,2.0,Newcastle,0,1,3.0,D,D,Barcelona,1,2026-03-10,3.0
1,2.0,Atletico Madrid,2,5,3.0,H,H,Tottenham,2,2026-03-10,3.0
0,2.0,Leverkusen,0,1,3.0,D,D,Arsenal,1,2026-03-11,3.0
1,2.0,PSG,2,5,3.0,H,H,Chelsea,2,2026-03-11,3.0
0,2.0,Real Madrid,1,3,3.0,H,H,Man City,0,2026-03-11,3.0
0,2.0,FK Bodø/Glimt,1,3,3.0,H,H,Sporting CP,0,2026-03-11,3.0
0,2.0,Sporting CP,2,5,3.0,H,H,FK Bodø/Glimt,0,2026-03-17,3.0
1,2.0,Chelsea,0,0,3.0,A,A,PSG,3,2026-03-17,3.0
1,2.0,Man City,0,1,3.0,A,A,Real Madrid,2,2026-03-17,3.0
0,2.0,Arsenal,1,2,3.0,H,H,Leverkusen,0,2026-03-17,3.0
1,2.0,Barcelona,3,7,3.0,H,H,Newcastle,2,2026-03-18,3.0
0,2.0,Liverpool,2,4,3.0,H,H,Galatasaray SK,0,2026-03-18,3.0
0,2.0,Bayern Monaco,2,4,3.0,H,H,Atalanta,1,2026-03-18,3.0
1,2.0,Tottenham,1,3,3.0,D,H,Atletico Madrid,2,2026-03-18,3.0
1,2.0,Real Madrid,0,1,3.0,A,A,Bayern Monaco,2,2026-04-07,3.0
0,2.0,Sporting CP,0,0,3.0,D,A,Arsenal,1,2026-04-07,3.0
